2000,2947,2796,2004-06-28,250.0
2001,2948,7035,2004-06-28,400.0
2002,2949,152,2006-01-23,400.0
2003,2950,152,2006-01-23,500.0
2004,2951,4141,2006-01-23,1000.0
2005,2952,1884,2006-01-23,250.0
2006,2953,1783,2006-01-23,750.0
2007,2956,4567,2004-06-28,400.0
2008,2957,4918,2004-06-28,500.0
2009,2959,251,2004-06-28,400.0
2010,2960,1788,2004-06-28,202.5
2011,2961,4073,2004-06-28,300.0
2012,2962,5404,2004-06-28,250.0
2013,2963,4498,2004-06-28,300.0
2014,2964,2830,2004-06-28,250.0
2015,2966,251,2004-06-28,400.0
2016,2967,137,2004-06-28,500.0
2017,2969,6333,2004-06-28,245.0
2018,2970,565,2004-06-28,500.0
2019,2973,2480,2004-06-28,400.0
2020,2974,4004,2004-06-28,1000.0
2021,2976,5521,2006-01-23,400.0
2022,2977,5800,2006-01-23,250.0
2023,2978,495,2006-01-23,1000.0
2024,2979,1295,2006-01-23,500.0
2025,2980,394,2006-01-23,400.0
2026,2981,1847,2006-01-23,250.0
2027,2982,6527,2006-01-23,210.0
2028,2983,1295,2006-01-23,1000.0
2029,2984,4297,2006-01-23,400.0
2030,2985,2331,2006-01-23,500.0
2031,2986,4126,2006-01-23,250.0
2032,2987,4073,2006-01-23,250.0
2033,2988,805,2004-06-28,500.0
2034,2989,5317,2006-01-23,500.0
2035,2990,3,2004-06-28,250.0
2036,2991,1169,2006-01-23,750.0
2037,2992,805,2004-06-28,250.0
2038,2993,5521,2006-01-23,250.0
2039,2994,2936,2006-01-23,500.0
2040,2995,495,2006-01-23,500.0
2041,2996,5521,2006-01-23,250.0
2042,2997,1712,2006-01-23,500.0
2043,2998,1712,2006-01-23,300.0
2044,2999,3711,2004-06-28,500.0
2045,3000,2694,2004-06-28,250.0
2046,3001,4859,2004-06-28,500.0
2047,3002,5754,2006-01-23,400.0
2048,3003,5763,2004-06-28,400.0
2049,3005,3770,2006-01-23,1000.0
2050,3006,5713,2004-06-28,400.0
2051,3007,857,2004-06-28,1000.0
2052,3008,6089,2006-01-23,400.0
2053,3009,6089,2006-01-23,400.0
2054,3010,3770,2006-01-23,500.0
2055,3011,1861,2006-01-23,500.0
2056,3012,3775,2004-06-28,400.0
2057,3013,2888,2006-01-23,300.0
2058,3014,6228,2006-01-23,500.0
2059,3015,1861,2006-01-23,1000.0
2060,3016,518,2004-06-28,1000.0
2061,3018,2627,2004-06-28,250.0
2062,3021,38,2004-06-28,250.0
2063,3022,2627,2004-06-28,250.0
2064,3024,3545,2006-01-23,200.0
2065,3025,5317,2004-06-28,750.0
2066,3026,2627,2004-06-28,400.0
2067,3027,3695,2004-06-28,300.0
2068,3028,3101,2006-01-23,3700.0
2069,3029,5317,2004-06-28,500.0
2070,3030,650,2004-06-28,300.0
2071,3031,6613,2004-06-28,200.0
2072,3032,4297,2004-06-28,1000.0
2073,3034,2632,2004-06-28,750.0
2074,3036,2484,2004-06-28,300.0
2075,3038,2627,2004-06-28,500.0
2076,3040,5419,2006-01-23,1000.0
2077,3041,979,2004-06-28,400.0
2078,3044,4044,2006-01-23,300.0
2079,3045,38,2004-06-28,1000.0
2080,3046,2134,2004-06-28,250.0
2081,3048,380,2006-01-23,600.0
2082,3049,6445,2006-01-23,400.0
2083,3051,3374,2004-06-28,500.0
2084,3052,37,2004-06-28,350.0
2085,3053,6744,2006-01-23,375.0
2086,3054,3496,2004-06-28,500.0
2087,3056,2415,2004-06-28,300.0
2088,3057,3954,2006-01-23,400.0
2089,3058,5828,2004-06-28,250.0
2090,3060,1581,2006-01-23,0.0
2091,3061,1030,2006-01-23,250.0
2092,3062,1142,2006-01-23,200.0
2093,3063,6965,2006-01-23,250.0
2094,3064,5254,2006-01-23,445.88
2095,3065,6048,2006-01-23,300.0
2096,3065,6048,2006-01-23,200.0
2097,3067,1367,2006-01-23,250.0
2098,3068,3459,2006-01-23,300.0
2099,3069,1133,2006-01-23,300.0
2100,3070,1142,2006-01-23,500.0
2101,3071,5485,2006-01-23,300.0
2102,3072,590,2006-01-23,300.0
2103,3073,5199,2006-01-23,340.0
2104,3074,2363,2006-01-23,400.0
2105,3075,436,2006-01-23,250.0
2106,3076,39,2006-01-23,200.0
2107,3077,166,2006-01-23,100.0
2108,3078,5568,2006-01-23,300.0
2109,3079,1823,2006-01-23,500.0
2110,3080,5903,2006-01-23,0.0
2111,3082,6048,2004-06-28,500.0
2112,3084,1863,2006-01-23,1000.0
2113,3087,6826,2004-06-28,300.0
2114,3088,3846,2006-01-23,0.0
2115,3092,7055,2006-01-23,500.0
2116,3093,5223,2006-01-23,1000.0
2117,3095,3471,2006-01-23,300.0
2118,3096,5360,2006-01-23,400.0
2119,3097,5984,2006-01-23,300.0
2120,3099,6084,2006-01-23,40.0
2121,3100,4433,2006-01-23,400.0
2122,3101,2796,2006-01-23,500.0
2123,3102,5646,2006-01-23,242.94
2124,3103,6333,2006-01-23,500.0
2125,3104,4275,2006-01-23,174.52
2126,3105,4126,2004-06-28,250.0
2127,3106,5646,2006-01-23,500.0
2128,3107,1388,2006-01-23,500.0
2129,3108,3984,2006-01-23,1000.0
2130,3110,3664,2006-01-23,400.0
2131,3111,5424,2006-01-23,977.5
2132,3112,6333,2006-01-23,300.0
2133,3115,2601,2006-01-23,500.0
2134,3116,3492,2004-06-28,1400.0
2135,3119,1572,2006-01-23,500.0
2136,3121,6302,2004-06-28,250.0
2137,3123,834,2006-01-23,400.0
2138,3124,3353,2006-01-23,400.0
2139,3125,3083,2006-01-23,400.0
2140,3126,6015,2006-01-23,600.0
2141,3127,1169,2006-01-23,250.0
2142,3128,3640,2006-01-23,320.0
2143,3129,3083,2006-01-23,400.0
2144,3130,3879,2006-01-23,1000.0
2145,3131,1169,2006-01-23,350.0
2146,3132,2479,2006-01-23,400.0
2147,3133,4121,2006-01-23,0.0
2148,3134,3083,2006-01-23,300.0
2149,3135,3664,2006-01-23,400.0
2150,3136,5519,2006-01-23,400.0
2151,3137,4629,2006-01-23,400.0
2152,3138,2452,2006-01-23,0.0
2153,3139,2964,2006-01-23,60.0
2154,3140,5519,2006-01-23,1000.0
2155,3142,834,2006-01-23,400.0
2156,3143,7017,2006-01-23,400.0
2157,3144,5993,2006-01-23,300.0
2158,3145,4926,2006-01-23,400.0
2159,3146,2624,2006-01-23,250.0
2160,3147,1904,2006-01-23,300.0
2161,3148,2386,2006-01-23,400.0
2162,3149,857,2006-01-23,300.0
2163,3150,3711,2006-01-23,250.0
2164,3151,5235,2006-01-23,400.0
2165,3152,1589,2006-01-23,400.0
2166,3153,4719,2006-01-23,500.0
2167,3154,6349,2006-01-23,300.0
2168,3155,260,2006-01-23,4000.0
2169,3156,7017,2006-01-23,500.0
2170,3157,4719,2006-01-23,250.0
2171,3158,737,2006-01-23,242.55
2172,3159,260,2006-01-23,250.0
2173,3160,2701,2006-01-23,250.0
2174,3161,3925,2006-01-23,1000.0
2175,3162,4421,2006-01-23,250.0
2176,3163,1084,2006-01-23,400.0
2177,3164,1054,2006-01-23,1000.0
2178,3165,2588,2006-01-23,500.0
2179,3166,285,2006-01-23,300.0
2180,3167,3083,2006-01-23,500.0
2181,3168,3083,2006-01-23,400.0
2182,3169,910,2006-01-23,500.0
2183,3170,1038,2006-01-23,393.76
2184,3171,5002,2006-01-23,250.0
2185,3172,1084,2006-01-23,300.0
2186,3173,6150,2006-01-23,500.0
2187,3175,95,2006-01-23,400.0
2188,3176,1084,2006-01-23,300.0
2189,3177,2063,2006-01-23,400.0
2190,3178,38,2006-01-23,500.0
2191,3179,368,2006-01-23,500.0
2192,3180,1019,2006-01-23,250.0
2193,3181,503,2006-01-23,360.0
2194,3182,5577,2006-01-23,0.0
2195,3183,5205,2006-01-23,400.0
2196,3184,6059,2006-01-23,0.0
2197,3185,38,2006-01-23,1000.0
2198,1672,3176,2006-01-23,1000.0
2199,3187,405,2006-01-23,500.0
2200,3188,4608,2006-01-23,300.0
2201,3189,3456,2006-01-23,250.0
2202,3190,95,2006-01-23,250.0
2203,3191,6173,2006-01-23,361.56
2204,3192,4567,2006-01-23,500.0
2205,3193,3466,2006-01-23,300.0
2206,3194,2484,2006-01-23,500.0
2207,3195,1946,2006-01-23,400.0
2208,3196,1745,2006-01-23,325.0
2209,3197,95,2006-01-23,250.0
2210,3198,518,2006-01-23,300.0
2211,3199,2830,2006-01-23,250.0
2212,3200,3456,2006-01-23,1000.0
2213,3201,6748,2006-01-23,200.0
2214,3202,4421,2006-01-23,400.0
2215,3203,2902,2006-01-23,2000.0
2216,3204,4357,2006-01-23,250.0
2217,3205,1302,2006-01-23,0.0
2218,3206,2420,2006-01-23,400.0
2219,3207,2130,2006-01-23,1000.0
2220,3208,4018,2006-01-23,1000.0
2221,3209,2571,2006-01-23,215.0
2222,3210,1774,2006-01-23,250.0
2223,3211,3679,2006-01-23,250.0
2224,3212,3818,2006-01-23,400.0
2225,3213,2571,2006-01-23,600.0
2226,3214,2902,2006-01-23,750.0
2227,3215,4050,2006-01-23,500.0
2228,3216,1793,2006-01-23,250.0
2229,3217,2571,2006-01-23,250.0
2230,3218,4567,2006-01-23,250.0
2231,3219,6173,2006-01-23,361.56
2232,3220,1745,2006-01-23,20.0
2233,3221,6731,2006-01-23,500.0
2234,3222,2907,2006-01-23,2000.0
2235,3223,1745,2006-01-23,130.0
2236,3224,3438,2006-01-23,250.0
2237,3225,2415,2006-01-23,1000.0
2238,3226,1886,2006-01-23,400.0
2239,3227,2130,2006-01-23,5000.0
2240,3228,7052,2006-01-23,300.0
2241,3229,6374,2006-01-23,0.0
2242,3230,2307,2006-01-23,500.0
2243,3231,4124,2006-01-23,400.0
2244,3232,3028,2006-01-23,1000.0
2245,3233,6215,2006-01-23,500.0
2246,3234,4437,2006-01-23,400.0
2247,3235,4124,2006-01-23,400.0
2248,3236,53,2006-01-23,250.0
2249,3237,1286,2006-01-23,500.0
2250,3238,6374,2006-01-23,400.0
2251,3239,2757,2006-01-23,400.0
2252,3240,2074,2006-01-23,500.0
2253,3241,4870,2006-01-23,500.0
2254,3243,262,2006-01-23,500.0
2255,2136,4201,2006-01-23,300.0
2256,3245,251,2006-01-23,500.0
2257,3246,2975,2006-01-23,400.0
2258,3247,2038,2006-01-23,220.0
2259,3248,4678,2006-01-23,400.0
2260,3249,4389,2006-01-23,400.0
2261,3250,3889,2006-01-23,200.0
2262,3251,6597,2006-01-23,400.0
2263,3252,6235,2006-01-23,400.0
2264,3253,4161,2006-01-23,500.0
2265,3254,350,2006-01-23,500.0
2266,3255,2694,2006-01-23,250.0
2267,3256,3496,2006-01-23,1000.0
2268,3257,1761,2006-01-23,500.0
2269,3258,3613,2006-01-23,300.0
2270,3259,2694,2006-01-23,250.0
2271,3260,3496,2006-01-23,500.0
2272,3261,1761,2006-01-23,1000.0
2273,3262,224,2006-01-23,500.0
2274,3263,3028,2006-01-23,350.0
2275,582,251,2006-01-23,200.0
2276,3265,6195,2006-01-23,586.95
2277,3266,1550,2006-01-23,750.0
2278,3267,2451,2006-01-23,1275.0
2279,3268,251,2006-01-23,400.0
2280,3269,1524,2006-01-23,203.0
2281,3270,666,2006-01-23,3500.0
2282,3271,3,2006-01-23,500.0
2283,3272,3496,2006-01-23,750.0
2284,3273,1574,2006-01-23,500.0
2285,3274,5948,2006-01-23,400.0
2286,3275,3682,2006-01-23,1000.0
2287,3276,6020,2006-01-23,400.0
2288,3277,1574,2006-01-23,500.0
2289,3278,1915,2006-01-23,1000.0
2290,3279,4367,2006-01-23,500.0
2291,3280,6020,2006-01-23,300.0
2292,3281,4239,2006-01-23,2100.0
2293,3282,666,2006-01-23,1000.0
2294,3283,5579,2006-01-23,500.0
2295,3284,666,2006-01-23,1000.0
2296,3285,4427,2006-01-23,400.0
2297,3286,630,2006-01-23,300.0
2298,3288,6599,2006-01-23,360.0
2299,3289,6599,2006-01-23,200.0
2300,3290,637,2006-01-23,500.0
2301,3291,1915,2006-01-23,500.0
2302,3292,2132,2006-01-23,400.0
2303,3293,2998,2006-01-23,400.0
2304,3294,3240,2006-01-23,400.0
2305,3295,4743,2006-01-23,250.0
2306,3296,1055,2006-01-23,1000.0
2307,3297,957,2006-01-23,1000.0
2308,3298,3240,2006-01-23,500.0
2309,3299,2015,2006-01-23,250.0
2310,3300,1251,2006-01-23,250.0
2311,3301,4045,2006-01-23,400.0
2312,3302,6077,2006-01-23,500.0
2313,3303,6012,2006-01-23,250.0
2314,3304,4045,2006-01-23,500.0
2315,3305,3882,2006-01-23,400.0
2316,3306,723,2006-01-23,500.0
2317,3307,4157,2006-01-23,400.0
2318,3308,3226,2006-01-23,800.0
2319,3309,4045,2006-01-23,1000.0
2320,3310,2132,2006-01-23,500.0
2321,3311,6077,2006-01-23,400.0
2322,3313,1904,2004-06-28,500.0
2323,3314,6077,2006-01-23,300.0
2324,3315,1027,2004-06-28,321.47
2325,3316,1027,2004-06-28,257.17
2326,3317,5415,2006-01-23,300.0
2327,3318,1388,2004-06-28,1000.0
2328,3319,286,2004-06-28,400.0
2329,3320,1774,2004-06-28,1000.0
2330,3321,1284,2006-01-23,2000.0
2331,3322,3174,2006-01-23,1000.0
2332,3323,4233,2004-06-28,1000.0
2333,3324,5415,2006-01-23,1000.0
2334,3325,3818,2006-01-23,400.0
2335,3326,3174,2006-01-23,1500.0
2336,3327,1884,2004-06-28,250.0
2337,3328,6919,2006-01-23,250.0
2338,3329,2217,2006-01-23,1275.0
2339,3330,6077,2006-01-23,400.0
2340,3331,1084,2004-06-28,250.0
2341,3332,2998,2004-06-28,356.55
2342,3333,4507,2004-06-28,250.0
2343,3334,4044,2004-06-28,400.0
2344,3335,2594,2004-06-28,500.0
2345,3337,834,2004-06-28,300.0
2346,3338,2740,2004-06-28,400.0
2347,3340,6424,2004-06-28,500.0
2348,3341,5424,2004-06-28,218.43
2349,3342,2740,2004-06-28,500.0
2350,3343,666,2004-06-28,500.0
2351,3346,286,2004-06-28,400.0
2352,3347,666,2004-06-28,300.0
2353,3348,3457,2004-06-28,300.0
2354,3349,2210,2004-06-28,250.0
2355,3350,4562,2004-06-28,250.0
2356,3351,2964,2004-06-28,75.0
2357,3352,2964,2004-06-28,500.0
2358,3354,5434,2004-06-28,500.0
2359,3355,164,2004-06-28,250.0
2360,3357,3028,2004-06-28,500.0
2361,3359,982,2004-06-28,1500.0
2362,3361,37,2004-06-28,250.0
2363,3362,1923,2004-06-28,300.0
2364,3363,2936,2004-06-28,250.0
2365,3365,6340,2004-06-28,4000.0
2366,3366,3223,2004-06-28,550.0
2367,3367,6546,2004-06-28,400.0
2368,3368,6015,2004-06-28,500.0
2369,3370,982,2004-06-28,750.0
2370,3371,560,2004-06-28,400.0
2371,3372,2964,2004-06-28,100.0
2372,3373,1574,2004-06-28,250.0
2373,3374,6089,2004-06-28,300.0
2374,3375,2732,2004-06-28,1000.0
2375,1811,4045,2004-06-28,500.0
2376,3377,5027,2004-06-28,250.0
2377,3379,2588,2004-06-28,1000.0
2378,3381,4183,2004-06-28,1000.0
2379,3383,5027,2004-06-28,500.0
2380,3384,39,2004-06-28,250.0
2381,3385,1197,2004-06-28,400.0
2382,3386,4834,2004-06-28,202.49
2383,3387,496,2004-06-28,500.0
2384,3388,1960,2006-01-23,400.0
2385,3389,3248,2004-06-28,250.0
2386,3390,4357,2004-06-28,250.0
2387,3391,6089,2004-06-28,400.0
2388,3392,6731,2004-06-28,388.5
2389,3394,6105,2004-06-28,500.0
2390,3395,1265,2004-06-28,300.0
2391,3396,2386,2004-06-28,500.0
2392,3397,2386,2004-06-28,500.0
2393,3398,2386,2004-06-28,500.0
2394,3399,1362,2004-06-28,400.0
2395,3400,1275,2004-06-28,400.0
2396,3401,1275,2004-06-28,500.0
2397,3404,5855,2004-06-28,1000.0
2398,3405,3692,2004-06-28,300.0
2399,3406,2321,2004-06-28,400.0
2400,3407,4466,2004-06-28,1250.0
2401,3408,6222,2004-06-28,300.0
2402,3409,2787,2004-06-28,500.0
2403,3410,1179,2004-06-28,250.0
2404,3412,225,2004-06-28,500.0
2405,3413,1946,2004-06-28,432.55
2406,3414,408,2004-06-28,400.0
2407,3415,4754,2004-06-28,500.0
2408,3416,1874,2004-06-28,500.0
2409,3420,1874,2004-06-28,400.0
2410,3421,2038,2004-06-28,250.0
2411,3422,5758,2004-06-28,400.0
2412,3423,2525,2004-06-28,400.0
2413,3425,4050,2004-06-28,500.0
2414,3427,1852,2004-06-28,251.0
2415,3428,408,2004-06-28,500.0
2416,3429,4003,2004-06-28,1000.0
2417,3431,5228,2004-06-28,500.0
2418,3432,6173,2004-06-28,300.0
2419,3433,1904,2004-06-28,500.0
2420,3434,345,2004-06-28,300.0
2421,3436,3829,2004-06-28,1000.0
2422,3437,5377,2004-06-28,270.0
2423,3440,6597,2004-06-28,500.0
2424,3441,2128,2004-06-28,400.0
2425,3445,4870,2004-06-28,550.0
2426,3449,3629,2004-06-28,1000.0
2427,3450,4164,2004-06-28,300.0
2428,3451,3654,2004-06-28,250.0
2429,3453,5377,2004-06-28,250.0
2430,3454,2132,2004-06-28,300.0
2431,3456,3829,2004-06-28,400.0
2432,3458,2674,2004-06-28,500.0
2433,3459,712,2004-06-28,500.0
2434,3460,4041,2004-06-28,35.0
2435,3461,5504,2004-06-28,300.0
2436,3462,2934,2004-06-28,2500.0
2437,3463,2674,2004-06-28,300.0
2438,3464,2674,2004-06-28,300.0
2439,3466,2674,2004-06-28,250.0
2440,3467,2674,2004-06-28,1000.0
2441,3470,273,2004-06-28,300.0
2442,3471,2674,2004-06-28,1000.0
2443,3472,5516,2004-06-28,100.0
2444,3474,3278,2004-06-28,400.0
2445,3478,5377,2004-06-28,206.0
2446,3480,3182,2004-06-28,400.0
2447,3481,1970,2006-01-23,400.0
2448,3485,3150,2006-01-23,20.0
2449,3487,4458,2004-06-28,500.0
2450,3489,3305,2004-06-28,3000.0
2451,3493,5377,2004-06-28,270.0
2452,3496,1344,2004-06-28,500.0
2453,3498,5516,2004-06-28,0.0
2454,3499,3543,2004-06-28,400.0
2455,3500,2888,2004-06-28,500.0
2456,3502,5638,2004-06-28,250.0
2457,3505,6228,2004-06-28,850.0
2458,3506,1051,2004-06-28,1000.0
2459,3507,6674,2004-06-28,1000.0
2460,3508,4632,2004-06-28,500.0
2461,3510,6076,2004-06-28,250.0
2462,3511,6919,2004-06-28,400.0
2463,3513,6449,2004-06-28,400.0
2464,3515,5038,2004-06-28,209.8
2465,3517,2888,2004-06-28,500.0
2466,3519,6545,2004-06-28,1000.0
2467,3521,3222,2004-06-28,600.0
2468,3523,603,2004-06-28,16.0
2469,3524,3168,2004-06-28,0.0
2470,3526,3705,2004-06-28,458.65
2471,3529,3954,2004-06-28,400.0
2472,3535,222,2004-06-28,250.0
2473,3541,1791,2004-06-28,400.0
2474,3542,1439,2004-06-28,400.0
2475,3543,1992,2004-06-28,250.0
2476,3544,6770,2006-01-23,200.0
2477,3545,987,2006-01-23,600.0
2478,3546,3705,2006-01-23,2000.0
2479,3547,4926,2004-06-28,500.0
2480,3548,5018,2006-01-23,300.0
2481,3549,3544,2006-01-23,0.0
2482,3550,6172,2006-01-23,1000.0
2483,3551,4926,2004-06-28,500.0
2484,3552,160,2006-01-23,0.0
2485,3553,4330,2006-01-23,300.0
2486,3554,4720,2004-06-28,200.0
2487,3555,3770,2004-06-28,250.0
2488,3556,603,2004-06-28,75.0
2489,3557,6948,2006-01-23,200.0
2490,3559,3770,2004-06-28,2500.0
2491,3560,760,2004-06-28,400.0
2492,3561,3991,2006-01-23,400.0
2493,3562,2627,2006-01-23,300.0
2494,3563,1477,2006-01-23,400.0
2495,3564,1661,2006-01-23,250.0
2496,3565,1518,2006-01-23,2000.0
2497,3566,4918,2006-01-23,500.0
2498,3567,526,2006-01-23,250.0
2499,3568,5417,2006-01-23,500.0
2500,3569,614,2006-01-23,150.0
2501,3570,3925,2004-06-28,5100.0
2502,3571,5971,2006-01-23,400.0
2503,3572,786,2006-01-23,400.0
2504,3573,3262,2006-01-23,400.0
2505,3574,3457,2006-01-23,200.0
2506,3575,2627,2006-01-23,250.0
2507,3576,2627,2006-01-23,250.0
2508,3577,287,2006-01-23,1500.0
2509,3578,234,2006-01-23,400.0
2510,3579,2627,2006-01-23,250.0
2511,3580,2627,2006-01-23,250.0
2512,3581,1588,2006-01-23,500.0
2513,3582,3407,2006-01-23,250.0
2514,3583,1477,2006-01-23,400.0
2515,3584,5257,2006-01-23,200.0
2516,3585,3271,2006-01-23,500.0
2517,3586,1720,2006-01-23,5000.0
2518,3587,6353,2006-01-23,79.35
2519,3588,2039,2006-01-23,26.52
2520,3589,6980,2006-01-23,1000.0
2521,3590,3300,2006-01-23,500.0
2522,3591,1435,2006-01-23,400.0
2523,3592,6826,2006-01-23,250.0
2524,3593,3925,2004-06-28,5100.0
2525,3594,4996,2006-01-23,400.0
2526,3595,6170,2006-01-23,50.0
2527,3596,3176,2006-01-23,400.0
2528,3597,3902,2006-01-23,400.0
2529,3598,5602,2006-01-23,500.0
2530,3599,4031,2006-01-23,250.0
2531,3600,405,2006-01-23,1000.0
2532,3601,2779,2006-01-23,300.0
2533,3602,155,2006-01-23,1200.0
2534,3603,1477,2006-01-23,1275.0
2535,3604,5257,2006-01-23,0.0
2536,3605,1027,2006-01-23,500.0
2537,3607,2137,2006-01-23,500.0
2538,1496,2137,2006-01-23,300.0
2539,3609,620,2006-01-23,300.0
2540,3610,3439,2006-01-23,1275.0
2541,3611,5848,2006-01-23,400.0
2542,3612,286,2006-01-23,500.0
2543,3613,2686,2006-01-23,400.0
2544,3614,537,2006-01-23,1000.0
2545,3615,5050,2006-01-23,400.0
2546,3616,6226,2006-01-23,200.0
2547,3617,4602,2006-01-23,250.0
2548,3618,742,2006-01-23,400.0
2549,3619,7108,2006-01-23,250.0
2550,3620,1845,2006-01-23,400.0
2551,3621,3300,2006-01-23,300.0
2552,3622,1027,2006-01-23,500.0
2553,3623,1027,2006-01-23,400.0
2554,3624,1027,2006-01-23,300.0
2555,3625,1913,2006-01-23,944.36
2556,3626,327,2006-01-23,250.0
2557,3627,1368,2006-01-23,335.0
2558,3628,1692,2006-01-23,1000.0
2559,3629,6242,2006-01-23,250.0
2560,3630,6947,2006-01-23,250.0
2561,3631,185,2006-01-23,300.0
2562,3632,185,2006-01-23,400.0
2563,3633,6641,2006-01-23,400.0
2564,3634,664,2006-01-23,250.0
2565,3635,822,2006-01-23,500.0
2566,3636,286,2006-01-23,250.0
2567,3637,3492,2006-01-23,400.0
2568,3638,5426,2006-01-23,150.0
2569,3639,2137,2006-01-23,500.0
2570,3640,3439,2006-01-23,1200.0
2571,3641,2365,2006-01-23,1000.0
2572,3642,3165,2006-01-23,350.0
2573,3643,1344,2006-01-23,500.0
2574,3644,2525,2006-01-23,500.0
2575,3645,1913,2006-01-23,1100.0
2576,3646,461,2006-01-23,400.0
2577,3647,327,2006-01-23,500.0
2578,3648,7096,2006-01-23,250.0
2579,3649,4840,2006-01-23,250.0
2580,3650,461,2006-01-23,400.0
2581,3651,6770,2006-01-23,400.0
2582,3652,2627,2006-01-23,250.0
2583,3653,469,2006-01-23,225.0
2584,3654,1290,2006-01-23,250.0
2585,3655,6770,2006-01-23,500.0
2586,3656,2627,2006-01-23,400.0
2587,3657,6947,2006-01-23,400.0
2588,3658,5637,2006-01-23,750.0
2589,3659,4834,2006-01-23,204.23
2590,3660,3959,2006-01-23,500.0
2591,3661,6947,2006-01-23,250.0
2592,3662,1323,2006-01-23,500.0
2593,3663,4834,2006-01-23,408.46
2594,3664,3959,2006-01-23,0.0
2595,3665,1796,2006-01-23,1000.0
2596,3666,122,2006-01-23,150.0
2597,3667,2509,2006-01-23,1000.0
2598,3668,4103,2006-01-23,300.0
2599,3669,5358,2006-01-23,723.75
2600,3670,6220,2006-01-23,300.0
2601,3671,2509,2006-01-23,500.0
2602,3672,6831,2006-01-23,500.0
2603,3673,5358,2006-01-23,1000.0
2604,2098,6220,2006-01-23,0.0
2605,3675,5788,2006-01-23,250.0
2606,3676,6140,2006-01-23,400.0
2607,3677,5363,2006-01-23,350.0
2608,3678,41,2006-01-23,400.0
2609,3679,4143,2006-01-23,240.0
2610,3680,6790,2006-01-23,500.0
2611,3681,2376,2006-01-23,400.0
2612,3682,7082,2006-01-23,1275.0
2613,3683,5358,2006-01-23,1000.0
2614,3684,2732,2006-01-23,250.0
2615,3685,6140,2006-01-23,650.0
2616,3686,208,2006-01-23,500.0
2617,3687,2177,2006-01-23,500.0
2618,3688,3989,2006-01-23,500.0
2619,3689,5556,2006-01-23,250.0
2620,3690,166,2006-01-23,400.0
2621,3691,6613,2006-01-23,750.0
2622,3692,3079,2006-01-23,500.0
2623,3694,345,2006-01-23,750.0
2624,3695,345,2006-01-23,500.0
2625,3696,7018,2006-01-23,350.0
2626,3698,5556,2006-01-23,1000.0
2627,3699,5638,2006-01-23,250.0
2628,3700,2740,2006-01-23,4000.0
2629,3701,5617,2006-01-23,1000.0
2630,3702,2979,2006-01-23,500.0
2631,3703,4436,2006-01-23,250.0
2632,3704,6682,2006-01-23,250.0
2633,3705,6682,2006-01-23,500.0
2634,3707,2740,2006-01-23,300.0
2635,3708,3644,2006-01-23,750.0
2636,3709,1197,2006-01-23,20.0
2637,3710,6059,2006-01-23,400.0
2638,3711,674,2006-01-23,75.61
2639,3712,6478,2006-01-23,300.0
2640,3713,116,2006-01-23,400.0
2641,3714,2157,2006-01-23,500.0
2642,3715,978,2006-01-23,400.0
2643,3716,3601,2006-01-23,1000.0
2644,3717,3437,2006-01-23,300.0
2645,3718,691,2006-01-23,100.0
2646,3719,691,2006-01-23,100.0
2647,3720,2199,2006-01-23,250.0
2648,3721,4143,2006-01-23,2500.0
2649,3722,3687,2006-01-23,400.0
2650,3723,4884,2006-01-23,400.0
2651,3724,3243,2006-01-23,253.0
2652,3363,1270,2006-01-23,250.0
2653,3726,1845,2006-01-23,400.0
2654,3727,1197,2006-01-23,400.0
2655,3728,1296,2006-01-23,400.0
2656,3729,3546,2006-01-23,400.0
2657,3730,4158,2006-01-23,300.0
2658,3731,1652,2006-01-23,400.0
2659,3732,2896,2006-01-23,0.0
2660,3733,4158,2006-01-23,400.0
2661,3734,3224,2006-01-23,300.0
2662,3735,5727,2006-01-23,400.0
2663,3736,1204,2006-01-23,400.0
2664,3737,603,2006-01-23,300.0
2665,3738,1907,2006-01-23,250.0
2666,3739,5727,2006-01-23,400.0
2667,3740,603,2006-01-23,300.0
2668,3741,4303,2006-01-23,400.0
2669,3742,3614,2006-01-23,500.0
2670,3743,3830,2006-01-23,1000.0
2671,3744,733,2006-01-23,500.0
2672,3745,982,2006-01-23,1000.0
2673,3746,3809,2006-01-23,0.0
2674,3747,2187,2006-01-23,230.58
2675,3749,280,2006-01-23,1000.0
2676,3750,4158,2006-01-23,200.0
2677,3751,360,2006-01-23,500.0
2678,3752,4562,2006-01-23,250.0
2679,3753,915,2006-01-23,0.0
2680,3754,2187,2006-01-23,300.0
2681,3755,2187,2006-01-23,230.58
2682,3756,2187,2006-01-23,230.58
2683,3757,4562,2006-01-23,750.0
2684,3758,915,2006-01-23,250.0
2685,3759,2187,2006-01-23,5000.0
2686,3761,3777,2006-01-23,250.0
2687,3762,603,2006-01-23,100.0
2688,3763,5727,2006-01-23,400.0
2689,3764,650,2006-01-23,125.0
2690,3765,2741,2006-01-23,500.0
2691,3766,4845,2006-01-23,1000.0
2692,3767,3777,2006-01-23,500.0
2693,3768,650,2006-01-23,200.0
2694,3769,1051,2006-01-23,500.0
2695,3770,915,2006-01-23,250.0
2696,3771,915,2006-01-23,250.0
2697,3772,4422,2006-01-23,300.0
2698,3773,3755,2004-06-28,500.0
2699,3774,6020,2004-06-28,1000.0
2700,3775,1712,2004-06-28,500.0
2701,3776,1953,2006-01-23,200.0
2702,3777,6020,2004-06-28,250.0
2703,3778,360,2004-06-28,400.0
2704,3779,6545,2006-01-23,500.0
2705,3781,5519,2004-06-28,0.0
2706,3783,712,2006-01-23,300.0
2707,3784,1188,2006-01-23,500.0
2708,3785,1793,2004-06-28,250.0
2709,3786,5496,2006-01-23,600.0
2710,3787,4113,2006-01-23,1250.0
2711,3788,75,2006-01-23,251.26
2712,3789,6020,2004-06-28,250.0
2713,3790,6806,2006-01-23,400.0
2714,3792,4422,2006-01-23,1000.0
2715,3793,2284,2004-06-28,400.0
2716,3798,2604,2004-06-28,400.0
2717,3800,1960,2006-01-23,300.0
2718,3801,1960,2006-01-23,300.0
2719,2176,5289,2004-06-28,250.0
2720,3805,4734,2006-01-23,300.0
2721,3807,1588,2004-06-28,300.0
2722,3808,3984,2004-06-28,0.0
2723,3811,1900,2004-06-28,1500.0
2724,3815,1578,2004-06-28,0.0
2725,3816,285,2004-06-28,150.0
2726,3817,5521,2004-06-28,250.0
2727,3820,436,2004-06-28,500.0
2728,3821,5521,2004-06-28,300.0
2729,3822,4650,2004-06-28,300.0
2730,3825,1792,2004-06-28,150.0
2731,3827,1399,2004-06-28,250.0
2732,3828,2903,2004-06-28,200.0
2733,3829,1792,2004-06-28,500.0
2734,3830,2438,2004-06-28,400.0
2735,3832,1399,2004-06-28,1000.0
2736,3833,3383,2004-06-28,250.0
2737,3835,225,2006-01-23,1000.0
2738,3836,6570,2006-01-23,750.0
2739,3837,6570,2006-01-23,1000.0
2740,3838,2480,2006-01-23,400.0
2741,3839,4069,2006-01-23,300.0
2742,3840,4141,2006-01-23,100.0
2743,3841,5340,2006-01-23,300.0
2744,3842,5193,2006-01-23,0.0
2745,595,103,2006-01-23,500.0
2746,3844,225,2006-01-23,1000.0
2747,3845,5340,2006-01-23,250.0
2748,3846,5228,2006-01-23,0.0
2749,3847,113,2006-01-23,500.0
2750,3848,5305,2006-01-23,2000.0
2751,3849,188,2006-01-23,750.0
2752,3850,1309,2006-01-23,0.0
2753,3851,113,2006-01-23,300.0
2754,3852,6716,2006-01-23,250.0
2755,3853,367,2006-01-23,500.0
2756,3854,2454,2006-01-23,500.0
2757,3855,5089,2006-01-23,26.0
2758,3856,6454,2004-06-28,300.0
2759,3857,405,2004-06-28,500.0
2760,3860,4867,2004-06-28,500.0
2761,3862,2200,2004-06-28,100.0
2762,3865,280,2004-06-28,300.0
2763,3866,280,2004-06-28,5000.0
2764,3867,280,2004-06-28,500.0
2765,3869,5848,2004-06-28,350.0
2766,3870,2044,2006-01-23,300.0
2767,3872,3775,2006-01-23,4000.0
2768,3873,3921,2006-01-23,300.0
2769,3874,1180,2006-01-23,400.0
2770,3875,6752,2006-01-23,400.0
2771,3876,3609,2006-01-23,500.0
2772,3877,3227,2006-01-23,750.0
2773,3878,5632,2006-01-23,1000.0
2774,3879,6626,2006-01-23,100.0
2775,3880,1434,2006-01-23,400.0
2776,3881,4089,2006-01-23,500.0
2777,3882,5758,2006-01-23,250.0
2778,3884,3921,2006-01-23,1000.0
2779,3885,6478,2004-06-28,1000.0
2780,3886,255,2004-06-28,500.0
2781,3887,3781,2006-01-23,400.0
2782,3888,3190,2006-01-23,1000.0
2783,3890,2044,2004-06-28,500.0
2784,3891,3071,2004-06-28,500.0
2785,3895,7096,2004-06-28,500.0
2786,3897,2454,2004-06-28,250.0
2787,3899,3546,2004-06-28,400.0
2788,3903,2454,2004-06-28,2000.0
2789,3904,752,2004-06-28,400.0
2790,3905,2015,2004-06-28,300.0
2791,3906,7082,2004-06-28,150.0
2792,3907,3984,2004-06-28,300.0
2793,3908,113,2004-06-28,400.0
2794,3913,4026,2004-06-28,7.0
2795,3916,1768,2004-06-28,500.0
2796,3917,6491,2004-06-28,250.0
2797,3918,1692,2004-06-28,200.0
2798,3919,3784,2004-06-28,1000.0
2799,3920,1768,2004-06-28,250.0
2800,3921,6491,2004-06-28,250.0
2801,3923,3667,2004-06-28,500.0
2802,3925,3882,2004-06-28,250.0
2803,3926,4143,2004-06-28,1000.0
2804,3928,6707,2004-06-28,500.0
2805,3929,6947,2004-06-28,250.0
2806,3933,1792,2004-06-28,200.0
2807,3934,503,2004-06-28,1000.0
2808,3935,1861,2004-06-28,500.0
2809,3936,2701,2004-06-28,800.0
2810,3937,2701,2004-06-28,320.0
2811,3939,503,2004-06-28,500.0
2812,3940,1861,2004-06-28,1000.0
2813,3943,1761,2004-06-28,500.0
2814,3946,6570,2004-06-28,400.0
2815,3949,1270,2004-06-28,250.0
2816,3950,3845,2004-06-28,70.0
2817,3952,2549,2004-06-28,31.25
2818,3953,1927,2006-01-23,2300.0
2819,3955,2002,2006-01-23,0.0
2820,3377,5027,2006-01-23,500.0
2821,3957,3775,2006-01-23,200.0
2822,3958,5971,2004-06-28,400.0
2823,3959,6491,2006-01-23,500.0
2824,3960,6491,2006-01-23,400.0
2825,3962,3060,2006-01-23,250.0
2826,3964,3692,2006-01-23,214.92
2827,3965,4807,2006-01-23,1000.0
2828,3966,588,2006-01-23,500.0
2829,3968,6595,2006-01-23,500.0
2830,3969,4807,2006-01-23,300.0
2831,3970,2632,2006-01-23,500.0
2832,3972,3654,2006-01-23,291.0
2833,3973,34,2006-01-23,0.0
2834,3974,2986,2004-06-28,500.0
2835,2776,1911,2004-06-28,350.0
2836,3567,526,2004-06-28,500.0
2837,3987,470,2004-06-28,4000.0
2838,3989,2955,2004-06-28,200.0
2839,3993,1090,2004-06-28,333.34
2840,1431,505,2006-01-23,1000.0
2841,3995,4629,2004-06-28,1000.0
2842,3996,122,2004-06-28,20.0
2843,3997,505,2006-01-23,1000.0
2844,4000,3506,2004-06-28,300.0
2845,4001,3781,2006-01-23,750.0
2846,4002,2479,2004-06-28,750.0
2847,4003,280,2004-06-28,145.18
2848,4005,6222,2006-01-23,400.0
2849,4006,3925,2004-06-28,250.0
2850,4010,3603,2004-06-28,500.0
2851,4011,3603,2004-06-28,500.0
2852,4013,3925,2004-06-28,500.0
2853,4015,3112,2006-01-23,1000.0
2854,4016,1788,2006-01-23,445.0
2855,4017,5828,2006-01-23,200.0
2856,4018,2438,2006-01-23,500.0
2857,4019,2662,2006-01-23,300.0
2858,4020,2662,2006-01-23,400.0
2859,4022,3223,2006-01-23,1000.0
2860,4023,5228,2006-01-23,250.0
2861,4024,120,2006-01-23,400.0
2862,4025,1179,2006-01-23,250.0
2863,4026,5119,2006-01-23,1000.0
2864,4027,3112,2006-01-23,100.0
2865,4028,2903,2006-01-23,100.0
2866,4029,5434,2006-01-23,500.0
2867,4031,3112,2006-01-23,500.0
2868,4032,6571,2006-01-23,500.0
2869,4033,1884,2006-01-23,400.0
2870,4035,5828,2006-01-23,500.0
2871,4037,153,2004-06-28,500.0
2872,4038,2217,2004-06-28,950.0
2873,4040,1518,2004-06-28,500.0
2874,4041,1615,2004-06-28,400.0
2875,4042,5758,2004-06-28,366.8
2876,4047,2509,2006-01-23,15.0
2877,4049,1147,2006-01-23,1510.0
2878,4049,1642,2006-01-23,200.0
2879,4049,3640,2006-01-23,8545.0
2880,4049,2454,2004-06-28,16668.0
2881,4049,6302,2006-01-23,115.0
2882,4049,2479,2004-06-28,4785.0
2883,4049,4073,2004-06-28,2559.71
2884,4049,366,2004-06-28,157.61
2885,4049,5419,2006-01-23,880.0
2886,4049,5018,2006-01-23,8785.0
2887,4049,6470,2006-01-23,100.0
2888,4049,2983,2006-01-23,6937.0
2889,4049,6275,2006-01-23,75.0
2890,4049,4871,2006-01-23,4990.0
2891,4049,881,2006-01-23,4574.09
2892,4049,6089,2006-01-23,7575.0
2893,4049,3492,2004-06-28,600.0
2894,4049,1039,2006-01-23,8884.0
2895,4049,4507,2006-01-23,1350.0
2896,4049,137,2004-06-28,4140.0
2897,4048,1792,2004-06-28,766.4
2898,4049,6173,2004-06-28,6635.0
2899,4049,528,2004-06-28,129.0
2900,4049,6546,2004-06-28,4280.0
2901,4049,1119,2004-06-28,730.0
2902,4049,674,2004-06-28,1600.0
2903,4049,666,2004-06-28,26057.0
2904,4049,2165,2006-01-23,935.0
2905,4049,58,2006-01-23,8435.0
2906,4049,5935,2006-01-23,989.0
2907,4049,4498,2004-06-28,2735.0
2908,4049,1578,2006-01-23,20.0
2909,4048,330,2006-01-23,123.0
2910,4048,6980,2006-01-23,1036.48
2911,4049,4608,2006-01-23,2550.0
2912,4048,4334,2006-01-23,20.0
2913,4049,3417,2006-01-23,25.0
2914,4049,2421,2006-01-23,167.0
2915,4049,6831,2006-01-23,8265.0
2916,4049,3726,2006-01-23,1600.0
2917,4049,3472,2004-06-28,2305.0
2918,4049,2479,2006-01-23,1400.0
2919,4049,49,2006-01-23,1125.0
2920,4049,3000,2004-06-28,17446.35
2921,4049,1265,2006-01-23,11712.48
2922,4049,2374,2006-01-23,3770.0
2923,4049,2696,2006-01-23,9800.0
2924,4049,1717,2006-01-23,450.0
2925,4129,5746,2008-10-14,500.0
2926,4130,339,2008-10-14,500.0
2927,4131,2923,2011-05-02,250.0
2928,4132,1404,2011-05-02,250.0
2929,4133,6372,2008-10-14,1100.0
2930,4134,712,2008-10-14,400.0
2931,4135,2015,2008-10-14,400.0
2932,4136,3277,2008-10-14,300.0
2933,4137,2071,2008-10-14,400.0
2934,4138,6770,2008-10-14,250.0
2935,4139,6770,2008-10-14,400.0
2936,4140,5358,2008-10-14,1000.0
2937,4141,2071,2008-10-14,250.0
2938,4142,3083,2008-10-14,400.0
2939,4143,3083,2008-10-14,400.0
2940,4144,2105,2008-10-14,500.0
2941,4145,6128,2008-10-14,500.0
2942,4146,5052,2008-10-14,1100.0
2943,4147,588,2008-10-14,250.0
2944,4148,588,2008-10-14,500.0
2945,4149,2063,2008-10-14,500.0
2946,4150,5083,2008-10-14,0.0
2947,4151,5424,2008-10-14,500.0
2948,4152,5424,2008-10-14,500.0
2949,4153,588,2008-10-14,300.0
2950,4155,5424,2008-10-14,1000.0
2951,4156,5358,2008-10-14,500.0
2952,4157,5358,2008-10-14,600.0
2953,4158,1173,2008-10-14,500.0
2954,4159,4813,2008-10-14,500.0
2955,4160,6077,2011-05-02,300.0
2956,4161,4110,2011-05-02,1000.0
2957,4162,3112,2011-05-02,1100.0
2958,4163,3112,2011-05-02,300.0
2959,4164,2063,2011-05-02,400.0
2960,4165,1083,2011-05-02,250.0
2961,4166,1083,2011-05-02,500.0
2962,4167,3453,2011-05-02,400.0
2963,4168,814,2011-05-02,1100.0
2964,4169,4000,2011-05-02,1100.0
2965,4170,1181,2011-05-02,250.0
2966,4171,1518,2011-05-02,500.0
2967,4172,6077,2011-05-02,500.0
2968,4173,6077,2011-05-02,300.0
2969,4174,6077,2011-05-02,400.0
2970,4175,4110,2011-05-02,400.0
2971,4176,1653,2008-10-14,500.0
2972,4177,5562,2008-10-14,366.0
2973,4178,116,2008-10-14,400.0
2974,4179,1653,2008-10-14,500.0
2975,4180,3900,2011-05-02,300.0
2976,4181,5480,2008-10-14,300.0
2977,4182,6161,2011-05-02,350.0
2978,4183,1147,2008-10-14,950.0
2979,4184,195,2008-10-14,400.0
2980,4185,962,2008-10-14,300.0
2981,4186,3631,2008-10-14,1100.0
2982,4187,6156,2008-10-14,500.0
2983,4188,6155,2008-10-14,500.0
2984,4189,6155,2008-10-14,500.0
2985,4190,2812,2008-10-14,240.0
2986,4191,3631,2008-10-14,500.0
2987,4192,2048,2008-10-14,400.0
2988,4193,2089,2008-10-14,1000.0
2989,4194,2079,2008-10-14,500.0
2990,4195,2079,2008-10-14,300.0
2991,4196,3338,2008-10-14,250.0
2992,4197,3338,2008-10-14,100.0
2993,4198,2798,2011-05-02,350.0
2994,4199,2798,2011-05-02,220.0
2995,4200,1526,2011-05-02,400.0
2996,4201,3197,2011-05-02,0.0
2997,4202,3379,2008-10-14,1100.0
2998,4203,3379,2008-10-14,250.0
2999,4204,7023,2008-10-14,750.0
3000,4205,3224,2008-10-14,1100.0
3001,4206,3224,2008-10-14,400.0
3002,4207,562,2008-10-14,250.0
3003,4208,1745,2008-10-14,250.0
3004,4209,1745,2008-10-14,400.0
3005,4210,3719,2008-10-14,500.0
3006,4211,6006,2008-10-14,0.0
3007,4212,6909,2008-10-14,500.0
3008,4213,6783,2008-10-14,400.0
3009,4214,1861,2008-10-14,400.0
3010,4215,1861,2008-10-14,1000.0
3011,4216,4421,2008-10-14,250.0
3012,4217,4421,2008-10-14,500.0
3013,4218,4501,2011-05-02,1000.0
3014,4219,2722,2011-05-02,275.0
3015,4220,1783,2011-05-02,250.0
3016,4221,1510,2008-10-14,409.98
3017,4222,5454,2011-05-02,400.0
3018,2213,1510,2011-05-02,250.0
3019,4224,6602,2011-05-02,250.0
3020,4225,3302,2008-10-14,250.0
3021,4226,3302,2008-10-14,400.0
3022,4227,4421,2008-10-14,550.0
3023,4228,4421,2008-10-14,300.0
3024,4229,1745,2008-10-14,600.0
3025,4230,443,2011-05-02,225.0
3026,4231,2296,2011-05-02,250.0
3027,4232,5358,2011-05-02,250.0
3028,4233,5358,2011-05-02,250.0
3029,4234,5358,2011-05-02,1000.0
3030,4235,3677,2011-05-02,400.0
3031,4236,1390,2011-05-02,500.0
3032,4237,1133,2011-05-02,1000.0
3033,4238,3364,2011-05-02,250.0
3034,4239,3000,2011-05-02,250.0
3035,4241,2732,2011-05-02,550.0
3036,4242,4200,2011-05-02,750.0
3037,4243,6268,2011-05-02,500.0
3038,4244,6268,2011-05-02,900.0
3039,4245,5072,2011-05-02,400.0
3040,4246,5625,2011-05-02,1000.0
3041,4247,6268,2011-05-02,450.0
3042,4248,6268,2011-05-02,450.0
3043,4249,4068,2011-05-02,250.0
3044,4250,6570,2011-05-02,1100.0
3045,4251,419,2011-05-02,250.0
3046,4252,235,2011-05-02,500.0
3047,4253,4130,2011-05-02,250.0
3048,4254,4200,2011-05-02,1000.0
3049,4255,4200,2011-05-02,400.0
3050,4256,5424,2011-05-02,1000.0
3051,4257,2071,2011-05-02,1100.0
3052,4258,2071,2011-05-02,750.0
3053,4259,2601,2011-05-02,375.0
3054,4260,4200,2011-05-02,500.0
3055,4261,5424,2011-05-02,1100.0
3056,4262,6775,2011-05-02,400.0
3057,4263,1673,2011-05-02,1000.0
3058,4264,5519,2011-05-02,500.0
3059,4265,4082,2011-05-02,400.0
3060,4266,987,2011-05-02,500.0
3061,4267,987,2011-05-02,400.0
3062,4268,987,2011-05-02,750.0
3063,4269,5428,2011-05-02,300.0
3064,4270,4082,2011-05-02,300.0
3065,4271,4986,2011-05-02,250.0
3066,4272,4986,2011-05-02,1000.0
3067,4273,5382,2011-05-02,250.0
3068,1929,2634,2011-05-02,500.0
3069,4275,2634,2011-05-02,500.0
3070,4276,280,2011-05-02,1000.0
3071,4277,552,2011-05-02,1100.0
3072,4278,5424,2011-05-02,1000.0
3073,4279,5424,2011-05-02,500.0
3074,4280,455,2011-05-02,1000.0
3075,4281,360,2011-05-02,500.0
3076,4282,360,2011-05-02,300.0
3077,4283,1977,2011-05-02,1100.0
3078,4284,6222,2011-05-02,300.0
3079,4285,1323,2011-05-02,250.0
3080,4286,1323,2011-05-02,250.0
3081,4287,3777,2011-05-02,1000.0
3082,4288,2577,2011-05-02,1000.0
3083,4289,2577,2011-05-02,400.0
3084,4290,1275,2011-05-02,750.0
3085,4291,5434,2011-05-02,500.0
3086,4292,5434,2011-05-02,1100.0
3087,4293,2296,2011-05-02,500.0
3088,4294,1418,2011-05-02,228.0
3089,4295,1418,2011-05-02,228.0
3090,4296,2732,2011-05-02,500.0
3091,4297,5205,2011-05-02,400.0
3092,4298,3568,2011-05-02,400.0
3093,4299,2775,2011-05-02,400.0
3094,4300,2732,2011-05-02,500.0
3095,4301,3383,2011-05-02,500.0
3096,4302,3383,2011-05-02,400.0
3097,4303,3438,2011-05-02,500.0
3098,4304,4100,2011-05-02,600.0
3099,4305,4100,2011-05-02,1000.0
3100,4306,2740,2011-05-02,400.0
3101,4307,455,2011-05-02,250.0
3102,4308,3169,2011-05-02,500.0
3103,4309,503,2011-05-02,800.0
3104,4310,4073,2011-05-02,1000.0
3105,4311,4073,2011-05-02,250.0
3106,4312,2577,2011-05-02,1000.0
3107,4313,4793,2011-05-02,500.0
3108,4314,3305,2011-05-02,400.0
3109,4315,3305,2011-05-02,450.0
3110,4316,6259,2011-05-02,300.0
3111,4317,1069,2011-05-02,1000.0
3112,4318,4200,2011-05-02,500.0
3113,4319,4925,2011-05-02,250.0
3114,4320,6959,2011-05-02,1000.0
3115,4321,5180,2011-05-02,250.0
3116,4322,5180,2011-05-02,250.0
3117,4323,256,2011-05-02,350.0
3118,4324,3879,2011-05-02,1100.0
3119,4325,3879,2011-05-02,500.0
3120,4326,1097,2011-05-02,430.0
3121,4327,675,2011-05-02,1100.0
3122,4328,2718,2011-05-02,1100.0
3123,4329,5358,2011-05-02,1000.0
3124,4330,1268,2011-05-02,300.0
3125,4331,6268,2011-05-02,400.0
3126,4332,6268,2011-05-02,700.0
3127,4333,877,2011-05-02,250.0
3128,4334,4493,2011-05-02,400.0
3129,4335,4493,2011-05-02,500.0
3130,4336,286,2011-05-02,250.0
3131,4337,4925,2011-05-02,500.0
3132,4338,2857,2011-05-02,300.0
3133,4339,3783,2011-05-02,260.64
3134,4340,6716,2011-05-02,1100.0
3135,4341,2592,2011-05-02,18.7
3136,4342,2592,2011-05-02,77.4
3137,4343,6292,2011-05-02,500.0
3138,4344,1166,2011-05-02,300.0
3139,4345,3509,2011-05-02,300.0
3140,4346,3509,2011-05-02,500.0
3141,4347,5615,2011-05-02,400.0
3142,4348,2857,2011-05-02,500.0
3143,4349,2857,2011-05-02,300.0
3144,4350,1348,2011-05-02,300.0
3145,4351,1348,2011-05-02,400.0
3146,4352,2998,2011-05-02,500.0
3147,4354,6688,2011-05-02,1100.0
3148,4355,6688,2011-05-02,250.0
3149,4356,2857,2011-05-02,500.0
3150,4357,2261,2011-05-02,400.0
3151,4358,2261,2011-05-02,300.0
3152,4359,38,2011-05-02,250.0
3153,4360,3742,2011-05-02,250.0
3154,4361,3667,2011-05-02,800.0
3155,4362,3667,2011-05-02,500.0
3156,4363,1938,2011-05-02,300.0
3157,4364,4124,2011-05-02,800.0
3158,4365,38,2011-05-02,1100.0
3159,4366,553,2011-05-02,0.0
3160,4367,5228,2011-05-02,550.0
3161,4368,4652,2008-10-14,200.0
3162,4369,5691,2011-05-02,0.0
3163,4370,6204,2011-05-02,500.0
3164,4371,2438,2011-05-02,1100.0
3165,4372,2438,2011-05-02,250.0
3166,4373,2073,2011-05-02,1000.0
3167,4374,5228,2011-05-02,250.0
3168,4375,2073,2011-05-02,300.0
3169,4376,6468,2011-05-02,300.0
3170,4377,1402,2011-05-02,1000.0
3171,4378,1402,2011-05-02,500.0
3172,4379,6635,2011-05-02,500.0
3173,4380,3968,2011-05-02,400.0
3174,4381,943,2011-05-02,400.0
3175,4382,4354,2011-05-02,500.0
3176,4383,4354,2011-05-02,300.0
3177,4384,2451,2011-05-02,300.0
3178,4385,3625,2011-05-02,200.0
3179,4386,5218,2011-05-02,250.0
3180,4387,5027,2011-05-02,400.0
3181,4388,2251,2011-05-02,400.0
3182,4389,1525,2011-05-02,625.0
3183,4390,6333,2011-05-02,250.0
3184,4392,6468,2011-05-02,500.0
3185,4393,1525,2011-05-02,250.0
3186,4394,3968,2011-05-02,400.0
3187,4397,2730,2011-05-02,200.0
3188,4398,2730,2011-05-02,200.0
3189,4399,5388,2011-05-02,600.0
3190,4400,5388,2011-05-02,400.0
3191,4401,5388,2011-05-02,500.0
3192,4402,4166,2011-05-02,750.0
3193,4403,4354,2011-05-02,250.0
3194,4404,4638,2011-05-02,897.0
3195,4405,4638,2011-05-02,750.0
3196,4406,5848,2011-05-02,400.0
3197,4407,6577,2011-05-02,250.0
3198,4408,6577,2011-05-02,500.0
3199,4409,3693,2011-05-02,1100.0
3200,4410,834,2011-05-02,800.0
3201,4411,834,2011-05-02,200.0
3202,4412,6402,2011-05-02,250.0
3203,4413,851,2008-10-14,233.1
3204,4414,4984,2008-10-14,1000.0
3205,4415,4168,2008-10-14,985.0
3206,4418,456,2008-10-14,400.0
3207,4419,4124,2008-10-14,300.0
3208,4420,4124,2008-10-14,700.0
3209,4421,2038,2008-10-14,750.0
3210,4422,4672,2008-10-14,1000.0
3211,4424,1179,2008-10-14,1100.0
3212,4425,6569,2008-10-14,680.57
3213,4426,2296,2008-10-14,500.0
3214,4427,603,2011-05-02,200.0
3215,4428,3678,2011-05-02,300.0
3216,4429,6222,2008-10-14,100.0
3217,4430,3667,2008-10-14,500.0
3218,4431,3667,2008-10-14,300.0
3219,4433,5848,2008-10-14,400.0
3220,4434,5848,2008-10-14,250.0
3221,4435,6333,2008-10-14,100.0
3222,4436,3316,2008-10-14,500.0
3223,4438,2634,2008-10-14,400.0
3224,4439,327,2008-10-14,300.0
3225,4440,5848,2008-10-14,400.0
3226,3611,5848,2008-10-14,300.0
3227,4442,4021,2008-10-14,250.0
3228,4443,1284,2008-10-14,300.0
3229,4444,1284,2008-10-14,400.0
3230,4445,3120,2008-10-14,600.0
3231,4446,3028,2008-10-14,500.0
3232,4447,3028,2008-10-14,1100.0
3233,4448,1327,2008-10-14,1100.0
3234,4449,6782,2008-10-14,0.0
3235,4450,3278,2008-10-14,1100.0
3236,4451,298,2008-10-14,400.0
3237,4452,6638,2008-10-14,1100.0
3238,4453,5754,2008-10-14,500.0
3239,4454,6077,2008-10-14,500.0
3240,4455,6077,2008-10-14,350.0
3241,4456,4629,2008-10-14,400.0
3242,4457,640,2008-10-14,400.0
3243,4458,327,2008-10-14,360.0
3244,4459,327,2008-10-14,500.0
3245,4460,1977,2008-10-14,307.56
3246,4461,1763,2008-10-14,450.0
3247,4462,1763,2008-10-14,250.0
3248,4463,768,2008-10-14,0.0
3249,4464,2980,2008-10-14,380.0
3250,4465,2454,2008-10-14,500.0
3251,4466,4918,2008-10-14,250.0
3252,4467,1763,2008-10-14,300.0
3253,4468,1763,2008-10-14,400.0
3254,4469,298,2008-10-14,500.0
3255,4470,1270,2008-10-14,250.0
3256,4471,1270,2008-10-14,300.0
3257,4472,1692,2008-10-14,300.0
3258,4473,1977,2008-10-14,1000.0
3259,4474,5337,2008-10-14,500.0
3260,4475,3664,2008-10-14,500.0
3261,4476,345,2008-10-14,300.0
3262,4477,6880,2008-10-14,1000.0
3263,4478,4845,2008-10-14,300.0
3264,4479,573,2008-10-14,500.0
3265,4480,5337,2008-10-14,1100.0
3266,4481,5337,2008-10-14,400.0
3267,4482,4619,2008-10-14,500.0
3268,4483,4619,2008-10-14,400.0
3269,4484,1120,2008-10-14,1021.74
3270,2033,3278,2008-10-14,1100.0
3271,4487,1661,2008-10-14,300.0
3272,4488,5053,2008-10-14,1000.0
3273,4489,919,2008-10-14,350.0
3274,4490,345,2008-10-14,250.0
3275,4491,2451,2008-10-14,500.0
3276,4492,2451,2008-10-14,400.0
3277,4493,3383,2008-10-14,500.0
3278,4494,1340,2008-10-14,300.0
3279,4495,3900,2008-10-14,300.0
3280,4496,3900,2008-10-14,250.0
3281,4497,4807,2008-10-14,500.0
3282,4498,4807,2008-10-14,280.0
3283,4499,2451,2008-10-14,400.0
3284,4500,2796,2008-10-14,400.0
3285,4501,2796,2008-10-14,400.0
3286,4502,1133,2008-10-14,500.0
3287,4503,5935,2008-10-14,500.0
3288,4504,394,2008-10-14,1000.0
3289,4505,1120,2008-10-14,400.0
3290,4506,4440,2008-10-14,300.0
3291,4507,919,2008-10-14,300.0
3292,4508,1084,2008-10-14,250.0
3293,4509,6615,2008-10-14,250.0
3294,4510,4493,2008-10-14,500.0
3295,1676,5912,2008-10-14,300.0
3296,4512,2205,2008-10-14,500.0
3297,4513,114,2008-10-14,500.0
3298,4514,851,2008-10-14,233.1
3299,4515,2998,2008-10-14,372.84
3300,4516,3316,2008-10-14,500.0
3301,4517,4884,2008-10-14,250.0
3302,4518,4926,2008-10-14,400.0
3303,4519,4926,2008-10-14,400.0
3304,4520,3477,2008-10-14,700.0
3305,4521,1348,2008-10-14,400.0
3306,4522,1653,2008-10-14,400.0
3307,4523,1653,2008-10-14,400.0
3308,4524,3941,2008-10-14,220.0
3309,4525,2588,2008-10-14,500.0
3310,4526,4021,2008-10-14,1000.0
3311,4527,4354,2008-10-14,250.0
3312,4528,3713,2008-10-14,500.0
3313,4529,3713,2008-10-14,0.0
3314,3788,75,2008-10-14,0.0
3315,4531,4799,2008-10-14,300.0
3316,4532,492,2008-10-14,1100.0
3317,4533,3438,2008-10-14,500.0
3318,4534,3438,2008-10-14,250.0
3319,4535,526,2008-10-14,400.0
3320,4536,3438,2008-10-14,500.0
3321,4537,2998,2008-10-14,250.0
3322,4538,2998,2008-10-14,500.0
3323,4539,4996,2008-10-14,400.0
3324,1439,943,2008-10-14,500.0
3325,4541,3732,2008-10-14,500.0
3326,4542,4572,2008-10-14,1000.0
3327,4543,2941,2008-10-14,400.0
3328,4544,2941,2008-10-14,210.0
3329,4545,5084,2008-10-14,500.0
3330,4546,3989,2008-10-14,250.0
3331,4547,3989,2008-10-14,500.0
3332,4548,4357,2008-10-14,500.0
3333,4549,1953,2008-10-14,250.0
3334,4550,1953,2008-10-14,0.0
3335,4551,1861,2008-10-14,400.0
3336,4552,6150,2008-10-14,250.0
3337,4553,6476,2008-10-14,1100.0
3338,4554,4357,2008-10-14,300.0
3339,4555,6268,2008-10-14,1100.0
3340,4556,4913,2008-10-14,500.0
3341,642,4326,2008-10-14,750.0
3342,4558,4326,2008-10-14,1100.0
3343,4559,4357,2008-10-14,250.0
3344,4562,4549,2008-10-14,1100.0
3345,4563,5828,2008-10-14,250.0
3346,4564,1814,2008-10-14,346.9
3347,4565,1349,2008-10-14,400.0
3348,4566,1349,2008-10-14,300.0
3349,4567,4466,2008-10-14,500.0
3350,4568,664,2008-10-14,150.0
3351,4569,664,2008-10-14,1000.0
3352,4570,448,2008-10-14,400.0
3353,4571,419,2008-10-14,1100.0
3354,4572,4466,2008-10-14,1000.0
3355,4573,5072,2008-10-14,400.0
3356,3675,224,2008-10-14,250.0
3357,4575,224,2008-10-14,550.0
3358,4576,224,2008-10-14,200.0
3359,4577,2,2008-10-14,250.0
3360,4578,2,2008-10-14,250.0
3361,4579,3777,2008-10-14,450.0
3362,4580,6735,2008-10-14,500.0
3363,4581,6735,2008-10-14,500.0
3364,4582,4870,2008-10-14,400.0
3365,4583,4767,2008-10-14,1100.0
3366,4584,3080,2008-10-14,1000.0
3367,4585,2525,2008-10-14,500.0
3368,4586,5828,2008-10-14,500.0
3369,4587,5828,2008-10-14,500.0
3370,4588,4003,2008-10-14,250.0
3371,4589,2532,2008-10-14,400.0
3372,4590,3083,2008-10-14,400.0
3373,4591,91,2008-10-14,500.0
3374,141,1574,2008-10-14,400.0
3375,4593,1574,2008-10-14,500.0
3376,4594,3246,2008-10-14,400.0
3377,4595,5415,2008-10-14,600.0
3378,4596,5415,2008-10-14,400.0
3379,4597,505,2008-10-14,500.0
3380,4598,505,2008-10-14,460.0
3381,4599,2502,2008-10-14,400.0
3382,4600,2502,2008-10-14,250.0
3383,4601,2502,2008-10-14,400.0
3384,4602,5434,2008-10-14,500.0
3385,4603,518,2008-10-14,1100.0
3386,4604,3377,2008-10-14,300.0
3387,4605,351,2008-10-14,500.0
3388,4606,6473,2008-10-14,400.0
3389,4607,1092,2008-10-14,400.0
3390,4608,4073,2008-10-14,250.0
3391,4609,5665,2008-10-14,1000.0
3392,4610,4474,2008-10-14,850.0
3393,4611,3377,2008-10-14,250.0
3394,2024,5205,2008-10-14,1100.0
3395,4613,5228,2008-10-14,250.0
3396,4614,2197,2008-10-14,1000.0
3397,4615,5521,2008-10-14,250.0
3398,4616,5521,2008-10-14,250.0
3399,4617,5205,2008-10-14,300.0
3400,4618,4045,2008-10-14,500.0
3401,4619,4045,2008-10-14,300.0
3402,4620,3169,2008-10-14,500.0
3403,4621,2502,2008-10-14,1100.0
3404,4622,5393,2008-10-14,500.0
3405,4623,4474,2008-10-14,500.0
3406,4624,4073,2008-10-14,250.0
3407,4625,805,2008-10-14,250.0
3408,4626,3043,2011-05-02,260.0
3409,4627,3204,2008-10-14,250.0
3410,4628,3204,2008-10-14,1000.0
3411,4629,2941,2008-10-14,449.0
3412,4630,6112,2008-10-14,250.0
3413,4631,6818,2008-10-14,250.0
3414,4632,285,2008-10-14,500.0
3415,4633,505,2008-10-14,350.0
3416,4634,505,2008-10-14,300.0
3417,4635,6775,2008-10-14,300.0
3418,4636,5072,2008-10-14,500.0
3419,4637,5072,2008-10-14,400.0
3420,4638,2457,2008-10-14,250.0
3421,4639,4088,2011-05-02,1000.0
3422,4640,4088,2011-05-02,350.0
3423,4641,5052,2011-05-02,750.0
3424,4642,2509,2011-05-02,250.0
3425,4643,6980,2011-05-02,500.0
3426,4644,6980,2011-05-02,300.0
3427,4645,910,2011-05-02,250.0
3428,4646,3226,2011-05-02,250.0
3429,4647,5052,2011-05-02,1000.0
3430,4648,5052,2011-05-02,500.0
3431,4649,910,2011-05-02,250.0
3432,4650,4216,2011-05-02,1000.0
3433,4651,5828,2011-05-02,1100.0
3434,4652,5828,2011-05-02,500.0
3435,4653,6587,2011-05-02,400.0
3436,4654,394,2011-05-02,1100.0
3437,4655,3829,2011-05-02,500.0
3438,4656,3829,2011-05-02,150.0
3439,4657,2509,2011-05-02,250.0
3440,4658,4173,2011-05-02,400.0
3441,4659,3086,2011-05-02,1000.0
3442,4660,159,2011-05-02,250.0
3443,4662,103,2011-05-02,350.0
3444,1002,5388,2011-05-02,400.0
3445,4664,2386,2011-05-02,500.0
3446,4665,2386,2011-05-02,500.0
3447,4666,3086,2011-05-02,300.0
3448,4667,1861,2011-05-02,250.0
3449,4668,1861,2011-05-02,500.0
3450,4669,4173,2011-05-02,400.0
3451,4670,3775,2011-05-02,250.0
3452,4671,3775,2011-05-02,1100.0
3453,3451,2386,2011-05-02,300.0
3454,4673,2830,2011-05-02,800.0
3455,4674,242,2011-05-02,500.0
3456,4675,5165,2011-05-02,500.0
3457,4676,4780,2011-05-02,250.0
3458,4677,420,2011-05-02,250.0
3459,4678,987,2011-05-02,400.0
3460,4679,338,2011-05-02,500.0
3461,4680,50,2011-05-02,250.0
3462,4681,6558,2008-10-14,12.95
3463,4682,1112,2011-05-02,1100.0
3464,4683,1084,2011-05-02,400.0
3465,4684,6991,2011-05-02,400.0
3466,4685,6991,2011-05-02,400.0
3467,4686,4045,2011-05-02,100.0
3468,4687,1112,2011-05-02,400.0
3469,4688,420,2011-05-02,200.0
3470,4689,3007,2011-05-02,250.0
3471,4690,919,2011-05-02,250.0
3472,4691,919,2011-05-02,1000.0
3473,4692,1099,2011-05-02,300.0
3474,4693,2843,2011-05-02,1100.0
3475,4694,3007,2011-05-02,400.0
3476,4695,3007,2011-05-02,474.31
3477,4696,1611,2011-05-02,400.0
3478,4697,1001,2011-05-02,1100.0
3479,4698,1001,2011-05-02,250.0
3480,4699,3139,2011-05-02,300.0
3481,4700,1611,2011-05-02,500.0
3482,3815,1578,2011-05-02,0.0
3483,4702,2480,2011-05-02,20.0
3484,4703,3302,2011-05-02,30.0
3485,4704,3028,2011-05-02,1000.0
3486,4705,3028,2011-05-02,425.0
3487,4706,2457,2011-05-02,0.0
3488,4707,3028,2011-05-02,1000.0
3489,4708,3103,2011-05-02,400.0
3490,4709,6425,2011-05-02,500.0
3491,4710,5816,2011-05-02,250.0
3492,4711,5400,2011-05-02,550.0
3493,4712,5400,2011-05-02,1100.0
3494,4713,6980,2011-05-02,400.0
3495,4714,4813,2011-05-02,1100.0
3496,4715,684,2011-05-02,1100.0
3497,4716,1146,2011-05-02,400.0
3498,4717,6735,2011-05-02,1100.0
3499,4718,5165,2011-05-02,250.0
3500,4719,2704,2011-05-02,376.66
3501,4720,6735,2011-05-02,400.0
3502,4721,7110,2011-05-02,250.0
3503,4722,7110,2011-05-02,500.0
3504,4723,1792,2011-05-02,300.0
3505,4724,2704,2011-05-02,300.0
3506,4725,2704,2011-05-02,500.0
3507,4726,195,2011-05-02,300.0
3508,4727,3830,2011-05-02,400.0
3509,4728,6485,2011-05-02,500.0
3510,4729,4780,2011-05-02,300.0
3511,4730,2509,2011-05-02,400.0
3512,4731,1774,2011-05-02,500.0
3513,4732,1774,2011-05-02,500.0
3514,4733,2480,2011-05-02,400.0
3515,304,1146,2011-05-02,500.0
3516,4735,5444,2011-05-02,414.98
3517,4736,4157,2011-05-02,1000.0
3518,4737,4910,2011-05-02,400.0
3519,4738,2197,2011-05-02,500.0
3520,4739,5523,2011-05-02,1000.0
3521,4740,457,2011-05-02,1100.0
3522,4741,2189,2011-05-02,250.0
3523,4742,1774,2011-05-02,500.0
3524,4743,2931,2011-05-02,300.0
3525,4744,980,2011-05-02,250.0
3526,4745,2318,2011-05-02,250.0
3527,4746,4421,2011-05-02,500.0
3528,4747,4421,2011-05-02,1000.0
3529,4748,6150,2011-05-02,500.0
3530,4749,6425,2011-05-02,1100.0
3531,4750,2332,2011-05-02,400.0
3532,4751,561,2011-05-02,400.0
3533,4752,1112,2011-05-02,1100.0
3534,4753,4083,2011-05-02,500.0
3535,4754,5928,2011-05-02,300.0
3536,4755,3783,2011-05-02,750.0
3537,4756,2537,2011-05-02,500.0
3538,4757,188,2011-05-02,400.0
3539,4758,2758,2011-05-02,400.0
3540,4759,2758,2011-05-02,500.0
3541,4760,153,2011-05-02,400.0
3542,4761,251,2011-05-02,400.0
3543,4762,251,2011-05-02,400.0
3544,4763,5746,2011-05-02,500.0
3545,4764,5746,2011-05-02,400.0
3546,4765,925,2011-05-02,300.0
3547,4766,5818,2011-05-02,400.0
3548,4767,5818,2011-05-02,400.0
3549,4768,472,2011-05-02,1000.0
3550,4769,472,2011-05-02,1000.0
3551,4770,4909,2011-05-02,7.36
3552,4771,2388,2011-05-02,300.0
3553,4772,6227,2011-05-02,0.0
3554,4773,2907,2011-05-02,500.0
3555,4774,6105,2011-05-02,250.0
3556,4775,3672,2011-05-02,400.0
3557,4776,3672,2011-05-02,1100.0
3558,4777,3095,2011-05-02,1100.0
3559,4778,5603,2011-05-02,400.0
3560,4779,5603,2011-05-02,250.0
3561,4780,5772,2011-05-02,385.0
3562,4781,2708,2011-05-02,500.0
3563,4782,457,2011-05-02,1000.0
3564,4783,251,2011-05-02,400.0
3565,4784,251,2011-05-02,400.0
3566,4785,3446,2011-05-02,250.0
3567,4786,5804,2011-05-02,400.0
3568,4787,5804,2011-05-02,400.0
3569,4788,5804,2011-05-02,1000.0
3570,4789,1793,2011-05-02,300.0
3571,4790,3783,2011-05-02,260.64
3572,4791,2604,2011-05-02,400.0
3573,4792,5215,2011-05-02,400.0
3574,4793,5215,2011-05-02,500.0
3575,4794,4242,2008-10-14,969.0
3576,4795,934,2011-05-02,500.0
3577,4796,934,2011-05-02,200.0
3578,4797,5844,2011-05-02,0.0
3579,4798,6537,2011-05-02,250.0
3580,4799,6537,2011-05-02,500.0
3581,4800,6179,2011-05-02,2100.0
3582,4801,1848,2011-05-02,500.0
3583,4802,1150,2011-05-02,1100.0
3584,4803,2523,2011-05-02,400.0
3585,4804,153,2011-05-02,400.0
3586,4805,852,2011-05-02,35.0
3587,4806,852,2011-05-02,35.0
3588,4466,4722,2011-05-02,500.0
3589,4808,3687,2011-05-02,500.0
3590,4809,2134,2011-05-02,500.0
3591,4810,2134,2011-05-02,1000.0
3592,4811,6270,2011-05-02,250.0
3593,4812,5215,2011-05-02,250.0
3594,4813,4282,2011-05-02,300.0
3595,4814,2978,2011-05-02,250.0
3596,4815,2198,2011-05-02,500.0
3597,4816,6201,2011-05-02,250.0
3598,4817,3592,2011-05-02,500.0
3599,4818,3592,2011-05-02,1100.0
3600,4819,6720,2011-05-02,250.0
3601,4820,186,2011-05-02,1000.0
3602,4821,2185,2011-05-02,250.0
3603,4822,2674,2011-05-02,400.0
3604,4823,2674,2011-05-02,1010.0
3605,4824,2037,2011-05-02,400.0
3606,4825,4722,2011-05-02,400.0
3607,4826,3083,2011-05-02,500.0
3608,4827,3083,2011-05-02,400.0
3609,4828,1914,2011-05-02,500.0
3610,4829,3825,2011-05-02,400.0
3611,4830,5332,2011-05-02,1100.0
3612,4831,6503,2011-05-02,250.0
3613,4832,3083,2011-05-02,300.0
3614,4833,5614,2011-05-02,400.0
3615,4834,5614,2011-05-02,400.0
3616,4835,503,2011-05-02,1000.0
3617,4836,671,2011-05-02,550.0
3618,4837,2366,2011-05-02,275.0
3619,4838,2366,2011-05-02,15.0
3620,4839,876,2011-05-02,17.73
3621,4840,3472,2011-05-02,400.0
3622,4841,6201,2011-05-02,250.0
3623,4842,588,2011-05-02,250.0
3624,4843,2185,2011-05-02,500.0
3625,4844,2185,2011-05-02,400.0
3626,4845,953,2008-10-14,400.0
3627,4846,4986,2008-10-14,118.0
3628,4847,3507,2008-10-14,1000.0
3629,4848,6305,2008-10-14,1000.0
3630,4849,280,2008-10-14,500.0
3631,4850,331,2008-10-14,350.0
3632,4851,5549,2008-10-14,400.0
3633,4852,5549,2008-10-14,400.0
3634,4853,5070,2008-10-14,149.0
3635,4854,280,2008-10-14,500.0
3636,4855,956,2008-10-14,400.0
3637,4856,1214,2008-10-14,500.0
3638,4857,5999,2008-10-14,250.0
3639,4858,611,2008-10-14,500.0
3640,4859,611,2008-10-14,300.0
3641,4860,5034,2008-10-14,0.0
3642,4861,38,2008-10-14,500.0
3643,4862,153,2008-10-14,1100.0
3644,4863,380,2008-10-14,250.0
3645,4864,380,2008-10-14,500.0
3646,4865,2903,2008-10-14,250.0
3647,4866,4104,2008-10-14,500.0
3648,4867,4104,2008-10-14,500.0
3649,4868,2765,2008-10-14,500.0
3650,4869,3775,2008-10-14,700.0
3651,4870,2410,2008-10-14,400.0
3652,4871,2410,2008-10-14,500.0
3653,4872,5199,2008-10-14,1000.0
3654,4873,5417,2008-10-14,400.0
3655,4874,5417,2008-10-14,500.0
3656,4876,2531,2008-10-14,250.0
3657,4877,2798,2008-10-14,500.0
3658,4878,2798,2008-10-14,300.0
3659,4879,380,2008-10-14,400.0
3660,4880,3829,2008-10-14,250.0
3661,4881,3188,2008-10-14,500.0
3662,4882,3879,2008-10-14,300.0
3663,4883,1774,2008-10-14,500.0
3664,4884,1774,2008-10-14,250.0
3665,4885,2015,2008-10-14,0.0
3666,4886,2975,2008-10-14,250.0
3667,4887,2108,2008-10-14,400.0
3668,4888,5599,2008-10-14,400.0
3669,4889,5599,2008-10-14,500.0
3670,4890,6171,2008-10-14,1100.0
3671,4891,568,2008-10-14,500.0
3672,4892,568,2008-10-14,500.0
3673,4893,3427,2008-10-14,500.0
3674,738,3679,2008-10-14,300.0
3675,4895,6152,2008-10-14,250.0
3676,4896,2757,2008-10-14,300.0
3677,4897,6387,2008-10-14,300.0
3678,4898,6387,2008-10-14,1100.0
3679,4664,2386,2008-10-14,1100.0
3680,4900,2386,2008-10-14,1000.0
3681,4901,2386,2008-10-14,250.0
3682,4902,2480,2008-10-14,400.0
3683,4903,2480,2008-10-14,400.0
3684,4904,2732,2008-10-14,300.0
3685,4905,33,2008-10-14,100.0
3686,4906,1866,2008-10-14,400.0
3687,4907,6909,2008-10-14,1100.0
3688,4908,6909,2008-10-14,500.0
3689,4241,2732,2008-10-14,500.0
3690,4910,1112,2008-10-14,500.0
3691,4911,1112,2008-10-14,250.0
3692,4912,6970,2008-10-14,250.0
3693,4913,2749,2008-10-14,550.0
3694,4914,3073,2008-10-14,0.0
3695,4915,6379,2008-10-14,250.0
3696,4916,208,2008-10-14,500.0
3697,4917,208,2008-10-14,500.0
3698,4918,127,2008-10-14,1000.0
3699,4919,251,2008-10-14,400.0
3700,4920,3904,2008-10-14,1000.0
3701,4921,6379,2008-10-14,1000.0
3702,4922,6379,2008-10-14,400.0
3703,4923,5048,2008-10-14,500.0
3704,4924,4623,2008-10-14,1000.0
3705,4925,3590,2008-10-14,500.0
3706,4926,1797,2008-10-14,250.0
3707,4927,1214,2008-10-14,400.0
3708,4928,1214,2008-10-14,300.0
3709,4929,251,2008-10-14,400.0
3710,4783,251,2008-10-14,400.0
3711,3185,38,2008-10-14,600.0
3712,4932,1601,2008-10-14,400.0
3713,4933,153,2008-10-14,400.0
3714,4934,987,2008-10-14,500.0
3715,4935,4743,2008-10-14,400.0
3716,4936,4743,2008-10-14,250.0
3717,4937,1175,2008-10-14,250.0
3718,4938,3470,2008-10-14,400.0
3719,4939,7037,2008-10-14,500.0
3720,4940,5044,2008-10-14,500.0
3721,4941,5044,2008-10-14,500.0
3722,4942,4672,2008-10-14,0.0
3723,4943,3775,2008-10-14,500.0
3724,4944,987,2008-10-14,1100.0
3725,4945,6156,2008-10-14,400.0
3726,4946,6172,2008-10-14,500.0
3727,4947,6472,2008-10-14,250.0
3728,4948,1652,2008-10-14,500.0
3729,4949,987,2008-10-14,250.0
3730,4950,1592,2011-05-02,250.0
3731,4951,2888,2011-05-02,1100.0
3732,4952,153,2011-05-02,400.0
3733,4953,153,2011-05-02,400.0
3734,4954,3369,2011-05-02,700.0
3735,4956,179,2011-05-02,400.0
3736,4957,179,2011-05-02,300.0
3737,4958,153,2011-05-02,500.0
3738,4959,1436,2011-05-02,500.0
3739,4960,482,2011-05-02,1100.0
3740,4961,364,2011-05-02,1100.0
3741,4962,3783,2011-05-02,260.64
3742,4963,2758,2011-05-02,500.0
3743,4964,1110,2011-05-02,400.0
3744,4965,4469,2011-05-02,500.0
3745,4966,2888,2011-05-02,400.0
3746,4967,4722,2011-05-02,500.0
3747,4968,153,2011-05-02,300.0
3748,4969,4228,2008-10-14,500.0
3749,4970,4228,2008-10-14,250.0
3750,4971,2596,2008-10-14,250.0
3751,4972,286,2008-10-14,300.0
3752,4973,1693,2008-10-14,700.0
3753,4974,5397,2008-10-14,400.0
3754,4975,43,2008-10-14,0.0
3755,4976,5417,2008-10-14,350.0
3756,4977,6838,2008-10-14,250.0
3757,4978,286,2008-10-14,500.0
3758,4979,5746,2008-10-14,400.0
3759,4980,5746,2008-10-14,400.0
3760,4981,3741,2008-10-14,300.0
3761,4982,2740,2008-10-14,500.0
3762,4983,4214,2008-10-14,400.0
3763,4984,4214,2008-10-14,400.0
3764,4985,4377,2008-10-14,400.0
3765,4986,834,2008-10-14,300.0
3766,3142,834,2008-10-14,300.0
3767,4988,3592,2008-10-14,200.0
3768,4989,3592,2008-10-14,228.74
3769,4990,603,2008-10-14,500.0
3770,4991,603,2008-10-14,500.0
3771,4992,1197,2008-10-14,300.0
3772,4993,4011,2008-10-14,250.0
3773,4994,4011,2008-10-14,200.0
3774,4995,5218,2008-10-14,525.0
3775,4996,5218,2008-10-14,250.0
3776,1959,5218,2008-10-14,900.0
3777,4998,1768,2008-10-14,400.0
3778,4999,1347,2008-10-14,500.0
3779,5000,4157,2008-10-14,1000.0
3780,5001,5793,2008-10-14,400.0
3781,5002,5793,2008-10-14,500.0
3782,5003,52,2008-10-14,300.0
3783,5004,910,2008-10-14,400.0
3784,5005,6782,2008-10-14,500.0
3785,5006,1181,2008-10-14,0.0
3786,3286,3369,2008-10-14,300.0
3787,5008,3369,2008-10-14,400.0
3788,5009,373,2008-10-14,500.0
3789,5010,5331,2008-10-14,250.0
3790,5012,2023,2008-10-14,400.0
3791,5013,659,2008-10-14,500.0
3792,5014,987,2008-10-14,500.0
3793,5015,987,2008-10-14,500.0
3794,5016,3174,2008-10-14,300.0
3795,5017,3174,2008-10-14,500.0
3796,5018,3174,2008-10-14,500.0
3797,5019,6212,2008-10-14,500.0
3798,5020,4273,2008-10-14,1000.0
3799,5021,4042,2008-10-14,500.0
3800,5022,3174,2008-10-14,200.0
3801,4666,1216,2008-10-14,300.0
3802,5024,3882,2008-10-14,500.0
3803,5025,2674,2008-10-14,400.0
3804,5026,4441,2008-10-14,500.0
3805,5027,5746,2008-10-14,400.0
3806,5028,339,2008-10-14,250.0
3807,5029,339,2008-10-14,377.57
3808,5031,3879,2008-10-14,1000.0
3809,5032,3879,2008-10-14,500.0
3810,5033,1264,2008-10-14,300.0
3811,5034,2662,2008-10-14,400.0
3812,5035,3277,2008-10-14,400.0
3813,5036,3277,2008-10-14,400.0
3814,5037,153,2008-10-14,600.0
3815,5038,2674,2008-10-14,400.0
3816,5039,2674,2008-10-14,250.0
3817,5040,2787,2008-10-14,500.0
3818,5041,4043,2008-10-14,400.0
3819,5042,904,2008-10-14,250.0
3820,5043,2132,2008-10-14,500.0
3821,5044,2134,2008-10-14,1000.0
3822,5045,5208,2008-10-14,400.0
3823,5046,5208,2008-10-14,400.0
3824,5047,4925,2008-10-14,900.0
3825,5048,3042,2008-10-14,500.0
3826,5049,2210,2008-10-14,662.27
3827,5050,1275,2008-10-14,250.0
3828,5051,2132,2008-10-14,500.0
3829,5052,5208,2008-10-14,400.0
3830,5053,1946,2008-10-14,1100.0
3831,5054,2964,2008-10-14,333.33
3832,5055,2964,2008-10-14,400.0
3833,5056,2132,2008-10-14,1000.0
3834,5057,2898,2008-10-14,250.0
3835,5058,1946,2008-10-14,385.39
3836,5059,1946,2008-10-14,1000.0
3837,5060,904,2008-10-14,250.0
3838,5061,2132,2008-10-14,250.0
3839,5064,2674,2008-10-14,200.0
3840,5065,1936,2008-10-14,1100.0
3841,5066,1216,2008-10-14,500.0
3842,5067,1216,2008-10-14,500.0
3843,5068,1263,2008-10-14,250.0
3844,5069,1821,2008-10-14,450.0
3845,5070,857,2008-10-14,1100.0
3846,5071,857,2008-10-14,550.0
3847,5072,5602,2008-10-14,600.0
3848,5073,3079,2008-10-14,250.0
3849,5074,3079,2008-10-14,2100.0
3850,5075,758,2008-10-14,425.8
3851,4049,361,2011-05-02,1350.0
3852,5077,5928,2011-05-02,123.7
3853,4049,122,2011-05-02,775.0
3854,5077,8,2011-05-02,20.0
3855,4049,3103,2011-05-02,415.0
3856,4049,3933,2011-05-02,400.0
3857,4049,3711,2011-05-02,5050.0
3858,5077,2114,2008-10-14,100.0
3859,5077,5967,2011-05-02,236.69
3860,4049,5052,2008-10-14,4980.0
3861,4049,204,2011-05-02,700.0
3862,4049,3043,2011-05-02,15005.0
3863,4049,6201,2008-10-14,10430.0
3864,4049,6218,2011-05-02,0.0
3865,4049,3631,2011-05-02,4395.0
3866,4049,671,2011-05-02,850.0
3867,4049,5119,2011-05-02,9855.0
3868,4049,1799,2008-10-14,10.0
3869,4049,5454,2011-05-02,8571.0
3870,4049,1798,2011-05-02,1225.0
3871,4049,5388,2011-05-02,7500.0
3872,4049,3592,2011-05-02,13049.0
3873,5077,1172,2008-10-14,40.0
3874,4049,4799,2008-10-14,770.0
3875,4049,1340,2008-10-14,4901.0
3876,4049,5361,2011-05-02,745.0
3877,4049,1701,2011-05-02,0.0
3878,4049,3204,2008-10-14,13797.51
3879,4049,3263,2008-10-14,515.0
3880,4049,738,2008-10-14,20.0
3881,4049,6105,2008-10-14,450.0
3882,4049,6077,2008-10-14,35678.0
3883,4049,2787,2008-10-14,14505.0
3884,4049,6257,2008-10-14,120.0
3885,4049,3664,2008-10-14,17395.0
3886,5077,1399,2008-10-14,700.0
3887,4049,1783,2008-10-14,9930.0
3888,4049,5519,2008-10-14,27550.0
3889,4049,5818,2011-05-02,900.0
3890,4049,2627,2011-05-02,3190.0
3891,4049,3077,2011-05-02,0.0
3892,4049,6292,2011-05-02,1000.0
3893,4049,1296,2011-05-02,275.0
3894,4049,5775,2008-10-14,8985.0
3895,4049,5225,2011-05-02,900.0
3896,4049,208,2011-05-02,6830.0
3897,4049,525,2011-05-02,900.0
3898,5077,1693,2008-10-14,250.0
3899,4049,3496,2008-10-14,6170.0
3900,4049,1270,2008-10-14,5100.0
3901,4049,6704,2011-05-02,215.0
3902,5077,1229,2011-05-02,38.5
3903,5077,5437,2011-05-02,92.25
3904,4049,6749,2008-10-14,160.0
3905,4049,344,2011-05-02,540.0
3906,4049,597,2008-10-14,0.0
3907,5077,5006,2008-10-14,144.0
3908,5077,3654,2008-10-14,425.0
3909,4049,1814,2008-10-14,6258.85
3910,5077,1348,2011-05-02,10.0
3911,5077,2307,2011-05-02,419.0
3912,4049,3302,2011-05-02,9770.0
3913,4049,113,2008-10-14,3975.0
3914,5077,5839,2008-10-14,22.03
3915,5077,3408,2011-05-02,0.0
3916,5149,505,2015-10-19,1500.0
3917,5150,505,2015-10-19,600.0
3918,5151,505,2015-10-19,1500.0
3919,5152,1112,2015-10-19,500.0
3920,5153,2351,2015-10-19,0.0
3921,5154,6615,2015-10-19,250.0
3922,5155,477,2015-10-19,250.0
3923,5156,3100,2015-10-19,1500.0
3924,5157,5644,2015-10-19,3850.0
3925,5158,6730,2015-10-19,250.0
3926,5159,2073,2015-10-19,1000.0
3927,5160,6730,2015-10-19,300.0
3928,5161,6730,2015-10-19,230.0
3929,5162,5120,2015-10-19,250.0
3930,5163,572,2015-10-19,250.0
3931,5164,1673,2015-10-19,400.0
3932,5165,515,2015-10-19,100.0
3933,5166,4400,2015-10-19,1500.0
3934,5167,2998,2015-10-19,400.0
3935,5168,1721,2015-10-19,300.0
3936,5169,2950,2015-10-19,400.0
3937,5170,2480,2015-10-19,400.0
3938,5171,4007,2015-10-19,400.0
3939,5172,97,2015-10-19,500.0
3940,1255,6077,2015-10-19,400.0
3941,5174,4054,2015-10-19,250.0
3942,5175,2227,2015-10-19,400.0
3943,5176,4124,2015-10-19,400.0
3944,5177,4000,2015-10-19,400.0
3945,5178,2102,2015-10-19,0.0
3946,5179,3021,2015-10-19,5000.0
3947,5180,5806,2015-10-19,0.0
3948,5180,5806,2015-10-19,0.0
3949,5182,382,2015-10-19,1000.0
3950,5183,1977,2015-10-19,1500.0
3951,5184,1861,2015-10-19,300.0
3952,5185,4705,2015-10-19,0.0
3953,5186,4851,2015-10-19,500.0
3954,5187,6405,2015-10-19,300.0
3955,5188,3464,2015-10-19,400.0
3956,5189,311,2015-10-19,500.0
3957,5190,3464,2015-10-19,750.0
3958,5191,1944,2015-10-19,500.0
3959,5192,2195,2015-10-19,200.0
3960,5193,2195,2015-10-19,0.0
3961,5194,6204,2015-10-19,500.0
3962,5195,3464,2015-10-19,500.0
3963,5196,2959,2015-10-19,300.0
3964,5197,3541,2015-10-19,1100.0
3965,2815,6842,2015-10-19,0.0
3966,5199,2068,2015-10-19,320.0
3967,5200,4391,2015-10-19,750.0
3968,5201,6184,2015-10-19,250.0
3969,5202,155,2015-10-19,1000.0
3970,5203,1503,2015-10-19,400.0
3971,5204,2322,2015-10-19,0.0
3972,5205,4391,2015-10-19,400.0
3973,5206,3189,2015-10-19,1500.0
3974,5207,3285,2015-10-19,500.0
3975,5208,216,2015-10-19,250.0
3976,5209,3499,2015-10-19,1000.0
3977,5210,2674,2015-10-19,100.0
3978,5211,208,2015-10-19,400.0
3979,5212,472,2015-10-19,1500.0
3980,5213,6376,2015-10-19,1500.0
3981,5214,5875,2015-10-19,479.06
3982,5215,402,2015-10-19,250.0
3983,5216,2850,2015-10-19,372.0
3984,5217,6077,2015-10-19,100.0
3985,5218,2068,2015-10-19,415.0
3986,5219,4836,2015-10-19,850.0
3987,5220,655,2015-10-19,500.0
3988,5221,1112,2015-10-19,1500.0
3989,5222,3113,2015-10-19,400.0
3990,5223,1706,2015-10-19,1500.0
3991,5224,1706,2015-10-19,400.0
3992,5225,6086,2015-10-19,250.0
3993,5226,1924,2015-10-19,400.0
3994,5227,1503,2015-10-19,400.0
3995,5228,4589,2015-10-19,1500.0
3996,5229,1999,2015-10-19,500.0
3997,5230,6468,2015-10-19,1500.0
3998,5231,623,2015-10-19,350.0
3999,4982,4038,2015-10-19,250.0
4000,5233,4038,2015-10-19,1500.0
4001,5234,153,2015-10-19,500.0
4002,5235,3608,2015-10-19,374.04
4003,5236,3608,2015-10-19,561.06
4004,5237,6666,2015-10-19,500.0
4005,5238,280,2015-10-19,0.0
4006,5239,6158,2015-10-19,406.33
4007,5240,994,2015-10-19,0.0
4008,5241,6158,2015-10-19,300.0
4009,5242,4703,2015-10-19,750.0
4010,5243,799,2015-10-19,1500.0
4011,5244,707,2015-10-19,1600.0
4012,5245,4836,2015-10-19,1000.0
4013,5246,6150,2015-10-19,0.0
4014,5247,6369,2015-10-19,400.0
4015,5248,4106,2015-10-19,250.0
4016,5249,65,2015-10-19,500.0
4017,5250,5987,2015-10-19,500.0
4018,5251,5987,2015-10-19,290.0
4019,5252,3088,2015-10-19,250.0
4020,5253,65,2015-10-19,400.0
4021,5254,6761,2015-10-19,300.0
4022,5255,2374,2015-10-19,300.0
4023,5256,3028,2015-10-19,0.01
4024,5257,910,2015-10-19,1000.0
4025,5258,910,2015-10-19,500.0
4026,5259,6928,2015-10-19,400.0
4027,5260,707,2015-10-19,0.0
4028,5261,1004,2015-10-19,750.0
4029,5262,871,2015-10-19,0.0
4030,5263,2758,2015-10-19,0.0
4031,5264,4637,2015-10-19,250.0
4032,5265,2088,2015-10-19,400.0
4033,5266,786,2015-10-19,1000.0
4034,5267,6587,2015-10-19,500.0
4035,5268,3302,2015-10-19,1000.0
4036,5269,1217,2015-10-19,250.0
4037,5270,1217,2015-10-19,500.0
4038,5271,4364,2015-10-19,1500.0
4039,5272,3793,2015-10-19,500.0
4040,5273,6587,2015-10-19,250.0
4041,5274,2008,2015-10-19,500.0
4042,5275,455,2015-10-19,500.0
4043,5276,3273,2015-10-19,1500.0
4044,5277,48,2015-10-19,500.0
4045,5278,48,2015-10-19,4412.0
4046,5279,2422,2015-10-19,1000.0
4047,5280,708,2015-10-19,100.0
4048,5281,6483,2015-10-19,250.0
4049,5282,446,2015-10-19,500.0
4050,5283,2422,2015-10-19,40.0
4051,5284,6852,2015-10-19,250.0
4052,5285,5388,2015-10-19,0.0
4053,5286,798,2015-10-19,700.0
4054,5287,285,2015-10-19,270.0
4055,5288,1084,2015-10-19,265.0
4056,5289,2437,2015-10-19,300.0
4057,5290,1668,2015-10-19,250.0
4058,5291,1972,2015-10-19,500.0
4059,5292,7000,2015-10-19,250.0
4060,5293,1084,2015-10-19,500.0
4061,5294,213,2015-10-19,1000.0
4062,5295,3028,2015-10-19,400.0
4063,5296,5715,2015-10-19,444.68
4064,5297,6058,2015-10-19,1000.0
4065,5298,5835,2015-10-19,500.0
4066,5299,4925,2015-10-19,1475.0
4067,5300,4925,2015-10-19,250.0
4068,5301,621,2015-10-19,1500.0
4069,5302,1930,2015-10-19,250.0
4070,5303,4697,2015-10-19,364.9
4071,5304,5835,2015-10-19,576.2
4072,5305,4244,2015-10-19,500.0
4073,5306,3618,2015-10-19,500.0
4074,5307,5180,2015-10-19,500.0
4075,5308,2987,2015-10-19,400.0
4076,5309,1668,2015-10-19,750.0
4077,5310,331,2015-10-19,1500.0
4078,5311,1275,2015-10-19,400.0
4079,5312,4538,2015-10-19,300.0
4080,5313,7095,2015-10-19,500.0
4081,5314,1750,2015-10-19,1500.0
4082,5315,4005,2015-10-19,1000.0
4083,5316,6150,2015-10-19,250.0
4084,5317,2889,2015-10-19,700.0
4085,5318,5071,2015-10-19,1000.0
4086,5319,6318,2015-10-19,500.0
4087,5320,6318,2015-10-19,500.0
4088,5321,3306,2015-10-19,1000.0
4089,5322,712,2015-10-19,400.0
4090,5323,5415,2015-10-19,1000.0
4091,5324,6775,2015-10-19,500.0
4092,5325,1906,2015-10-19,0.0
4093,5325,1906,2015-10-19,0.0
4094,5327,596,2015-10-19,500.0
4095,5328,455,2015-10-19,999.99
4096,5329,2667,2015-10-19,250.0
4097,5330,2920,2015-10-19,0.0
4098,5331,3742,2015-10-19,1000.0
4099,5332,6484,2015-10-19,1500.0
4100,5333,2514,2015-10-19,500.0
4101,5334,4981,2015-10-19,1200.0
4102,5335,910,2015-10-19,250.0
4103,5336,910,2015-10-19,600.0
4104,5337,5005,2015-10-19,400.0
4105,5338,5005,2015-10-19,350.0
4106,5339,2732,2015-10-19,300.0
4107,5340,3302,2015-10-19,300.0
4108,5341,6835,2015-10-19,500.0
4109,5342,1197,2015-10-19,400.0
4110,5343,6483,2015-10-19,500.0
4111,5344,5299,2015-10-19,393.0
4112,5345,3010,2015-10-19,1500.0
4113,5346,360,2015-10-19,400.0
4114,5347,6318,2015-10-19,1000.0
4115,5348,6436,2015-10-19,279.0
4116,5349,4697,2015-10-19,200.0
4117,5350,987,2015-10-19,500.0
4118,5351,2008,2015-10-19,400.0
4119,5352,3028,2015-10-19,500.0
4120,5353,3000,2015-10-19,250.0
4121,5354,3791,2015-10-19,500.0
4122,5355,3208,2015-10-19,300.0
4123,5356,103,2015-10-19,500.0
4124,5357,910,2015-10-19,500.0
4125,5358,1614,2015-10-19,240.0
4126,5359,1661,2015-10-19,250.0
4127,5360,7091,2015-10-19,500.0
4128,5361,237,2015-10-19,400.0
4129,5362,4341,2015-10-19,500.0
4130,5363,6483,2015-10-19,250.0
4131,5364,408,2015-10-19,1500.0
4132,5365,2135,2015-10-19,1000.0
4133,5366,5829,2015-10-19,300.0
4134,5367,661,2015-10-19,500.0
4135,5368,2189,2015-10-19,1500.0
4136,5369,2865,2015-10-19,400.0
4137,5370,5506,2015-10-19,0.0
4138,5371,5506,2015-10-19,1000.0
4139,5372,1716,2015-10-19,1000.0
4140,5373,285,2015-10-19,500.0
4141,5374,18,2015-10-19,1295.0
4142,5375,4421,2015-10-19,1500.0
4143,3467,2427,2015-10-19,250.0
4144,5377,791,2015-10-19,800.0
4145,5378,2057,2015-10-19,750.0
4146,5379,5067,2015-10-19,1500.0
4147,5380,1774,2015-10-19,500.0
4148,5381,7000,2015-10-19,500.0
4149,5382,5346,2015-10-19,1000.0
4150,5383,832,2015-10-19,1000.0
4151,5384,6730,2015-10-19,500.0
4152,5385,621,2015-10-19,250.0
4153,5386,1673,2015-10-19,1500.0
4154,5387,1673,2015-10-19,400.0
4155,5388,1396,2015-10-19,300.0
4156,5389,6436,2015-10-19,300.0
4157,5390,6730,2015-10-19,625.0
4158,5391,6730,2015-10-19,230.0
4159,5392,6431,2015-10-19,500.0
4160,5393,358,2015-10-19,500.0
4161,5394,2189,2015-10-19,500.0
4162,5395,5673,2015-10-19,500.0
4163,5396,4975,2015-10-19,400.0
4164,5397,2830,2015-10-19,1500.0
4165,5398,2105,2015-10-19,1500.0
4166,5399,926,2015-10-19,200.0
4167,5400,4825,2015-10-19,500.0
4168,5401,1668,2015-10-19,250.0
4169,5402,3881,2015-10-19,150.0
4170,5403,5076,2015-10-19,0.0
4171,5404,786,2015-10-19,400.0
4172,5405,6447,2015-10-19,400.0
4173,5406,4648,2015-10-19,100.0
4174,5407,7049,2015-10-19,100.0
4175,5312,4538,2015-10-19,200.0
4176,5409,6730,2015-10-19,300.0
4177,5410,3072,2015-10-19,300.0
4178,5411,3072,2015-10-19,300.0
4179,5412,5005,2015-10-19,250.0
4180,5413,588,2015-10-19,500.0
4181,5414,661,2015-10-19,400.0
4182,5415,6436,2015-10-19,500.0
4183,5416,572,2015-10-19,250.0
4184,5417,960,2015-10-19,300.0
4185,5418,2269,2015-10-19,400.0
4186,5419,6436,2015-10-19,375.0
4187,5420,572,2015-10-19,1200.0
4188,5421,4341,2015-10-19,500.0
4189,5422,2670,2015-10-19,500.0
4190,5423,2670,2015-10-19,1275.0
4191,5424,5120,2015-10-19,300.0
4192,5425,1733,2015-10-19,1500.0
4193,5426,6533,2015-10-19,0.0
4194,5427,1876,2015-10-19,300.0
4195,5428,4173,2015-10-19,400.0
4196,5429,617,2015-10-19,425.0
4197,5430,5344,2015-10-19,500.0
4198,5431,467,2015-10-19,500.0
4199,5432,2317,2015-10-19,275.51
4200,5433,6757,2015-10-19,1500.0
4201,5434,6757,2015-10-19,400.0
4202,5435,661,2015-10-19,250.0
4203,1851,2243,2015-10-19,400.0
4204,5437,1574,2015-10-19,250.0
4205,5438,4180,2015-10-19,400.0
4206,5439,1993,2015-10-19,1500.0
4207,5440,6385,2015-10-19,400.0
4208,5441,2331,2015-10-19,500.0
4209,5442,4173,2015-10-19,1500.0
4210,5443,4173,2015-10-19,1500.0
4211,5444,727,2015-10-19,250.0
4212,5445,6431,2015-10-19,1000.0
4213,5446,5588,2015-10-19,1420.0
4214,5447,4173,2015-10-19,1500.0
4215,5448,4299,2015-10-19,321.98
4216,5449,2121,2015-10-19,250.0
4217,5450,2121,2015-10-19,1000.0
4218,5451,2625,2015-10-19,400.0
4219,5452,2336,2015-10-19,400.0
4220,5453,3846,2015-10-19,1000.0
4221,5454,774,2015-10-19,300.0
4222,5455,2336,2015-10-19,300.0
4223,5456,5588,2015-10-19,1000.0
4224,5457,4406,2015-10-19,1000.0
4225,5458,1386,2015-10-19,1000.0
4226,5459,5005,2015-10-19,500.0
4227,5460,6775,2015-10-19,1000.0
4228,5461,1759,2015-10-19,100.0
4229,5462,5506,2015-10-19,1000.0
4230,5463,6318,2015-10-19,1460.0
4231,5464,6318,2015-10-19,1000.0
4232,5465,4418,2015-10-19,500.0
4233,5466,2073,2015-10-19,500.0
4234,5467,5506,2015-10-19,400.0
4235,5468,4039,2015-10-19,1300.0
4236,5469,7028,2015-10-19,750.0
4237,5470,7028,2015-10-19,300.0
4238,5471,6393,2015-10-19,250.0
4239,5472,3588,2015-10-19,1000.0
4240,5473,4722,2015-10-19,300.0
4241,5474,5005,2015-10-19,1500.0
4242,5475,437,2015-10-19,400.0
4243,5476,4039,2015-10-19,1400.0
4244,5477,4722,2015-10-19,500.0
4245,5478,5005,2015-10-19,1500.0
4246,5479,3740,2015-10-19,400.0
4247,5480,2097,2015-10-19,250.0
4248,5481,2097,2015-10-19,479.08
4249,5482,5299,2015-10-19,1500.0
4250,5483,331,2015-10-19,1000.0
4251,5484,7022,2015-10-19,500.0
4252,5485,5506,2015-10-19,745.0
4253,5486,657,2015-10-19,500.0
4254,5487,657,2015-10-19,400.0
4255,5488,311,2015-10-19,250.0
4256,5489,6620,2015-10-19,0.0
4257,5490,65,2015-10-19,400.0
4258,5491,3088,2015-10-19,850.0
4259,5492,617,2015-10-19,1000.0
4260,5493,4836,2015-10-19,600.0
4261,5494,153,2015-10-19,1500.0
4262,5495,3846,2015-10-19,500.0
4263,5496,1663,2015-10-19,500.0
4264,5497,4658,2015-10-19,300.0
4265,5498,6436,2015-10-19,279.0
4266,5499,6436,2015-10-19,300.0
4267,5500,1395,2015-10-19,400.0
4268,5501,853,2015-10-19,500.0
4269,5502,2691,2015-10-19,1500.0
4270,5503,5588,2015-10-19,500.0
4271,5504,4637,2015-10-19,250.0
4272,5505,367,2015-10-19,350.0
4273,5506,2296,2015-10-19,500.0
4274,5507,235,2015-10-19,999.99
4275,5508,3189,2015-10-19,500.0
4276,5509,3901,2015-10-19,225.0
4277,5510,2296,2015-10-19,500.0
4278,5511,2732,2015-10-19,300.0
4279,5512,2732,2015-10-19,250.0
4280,5513,5403,2015-10-19,500.0
4281,5514,1313,2015-10-19,300.0
4282,5515,4301,2015-10-19,400.0
4283,5516,382,2015-10-19,250.0
4284,5517,3609,2015-10-19,300.0
4285,5518,6673,2015-10-19,1500.0
4286,5519,3823,2015-10-19,500.0
4287,5520,3568,2015-10-19,400.0
4288,5521,2616,2015-10-19,400.0
4289,5522,2632,2015-10-19,500.0
4290,5523,2296,2015-10-19,400.0
4291,5524,4851,2015-10-19,500.0
4292,5525,2071,2015-10-19,1000.0
4293,507,4937,2015-10-19,500.0
4294,5527,4937,2015-10-19,300.0
4295,5528,20,2015-10-19,100.0
4296,5529,1716,2015-10-19,250.0
4297,5530,926,2015-10-19,400.0
4298,5531,4468,2015-10-19,400.0
4299,5532,5952,2015-10-19,400.0
4300,5533,5729,2015-10-19,400.0
4301,5534,572,2015-10-19,500.0
4302,5535,2001,2015-10-19,500.0
4303,5536,1319,2015-10-19,250.0
4304,5537,5176,2015-10-19,0.0
4305,1320,3855,2015-10-19,400.0
4306,5539,3010,2015-10-19,500.0
4307,5540,264,2015-10-19,275.0
4308,5541,264,2015-10-19,300.0
4309,5542,5153,2015-10-19,1500.0
4310,5543,7095,2015-10-19,675.0
4311,5202,2071,2015-10-19,1500.0
4312,5545,2490,2015-10-19,300.0
4313,5546,6495,2015-10-19,325.0
4314,5547,6495,2015-10-19,1500.0
4315,5548,6495,2015-10-19,325.0
4316,5549,6495,2015-10-19,400.0
4317,5550,6495,2015-10-19,250.0
4318,5551,4648,2015-10-19,250.0
4319,5552,1886,2015-10-19,250.0
4320,5553,1661,2015-10-19,350.0
4321,5554,50,2015-10-19,1000.0
4322,5555,7049,2015-10-19,300.0
4323,5556,2763,2015-10-19,1500.0
4324,5557,6847,2015-10-19,250.0
4325,5558,6847,2015-10-19,200.0
4326,5559,6454,2015-10-19,400.0
4327,5560,3792,2015-10-19,300.0
4328,5561,6484,2015-10-19,1000.0
4329,5562,5711,2015-10-19,500.0
4330,5563,1886,2015-10-19,250.0
4331,5564,3288,2015-10-19,0.0
4332,5565,6201,2015-10-19,200.0
4333,5566,4836,2015-10-19,300.0
4334,5567,153,2015-10-19,500.0
4335,5568,3685,2015-10-19,0.0
4336,5569,2950,2015-10-19,400.0
4337,5570,5594,2015-10-19,350.0
4338,5571,1296,2015-10-19,1275.0
4339,5572,6062,2015-10-19,0.0
4340,5573,3750,2015-10-19,0.0
4341,3226,3593,2015-10-19,200.0
4342,5575,3208,2015-10-19,250.0
4343,5576,839,2015-10-19,1000.0
4344,5577,968,2015-10-19,500.0
4345,5578,4637,2015-10-19,300.0
4346,5579,3791,2015-10-19,400.0
4347,5580,3791,2015-10-19,446.47
4348,5581,3812,2015-10-19,400.0
4349,5582,1696,2015-10-19,500.0
4350,5583,2658,2015-10-19,0.0
4351,5584,4637,2015-10-19,400.0
4352,5585,4745,2015-10-19,800.84
4353,5586,603,2015-10-19,400.0
4354,5587,5676,2015-10-19,1000.0
4355,5588,2865,2015-10-19,250.0
4356,5589,3812,2015-10-19,100.0
4357,5590,2871,2015-10-19,400.0
4358,5591,3045,2015-10-19,400.0
4359,5592,2183,2015-10-19,250.0
4360,5593,2812,2015-10-19,250.0
4361,5594,3006,2015-10-19,500.0
4362,5595,2438,2015-10-19,500.0
4363,3698,3385,2015-10-19,400.0
4364,5597,4068,2015-10-19,500.0
4365,5598,603,2015-10-19,1000.0
4366,5599,6980,2015-10-19,250.0
4367,5600,3918,2015-10-19,1500.0
4368,5601,3918,2015-10-19,500.0
4369,5602,1793,2015-10-19,400.0
4370,5603,754,2015-10-19,500.0
4371,5604,3121,2015-10-19,500.0
4372,5605,4007,2015-10-19,610.0
4373,5606,222,2015-10-19,400.0
4374,5607,216,2015-10-19,500.0
4375,5608,216,2015-10-19,250.0
4376,5609,4124,2015-10-19,400.0
4377,5610,3169,2015-10-19,500.0
4378,5611,216,2015-10-19,750.0
4379,5612,6204,2015-10-19,500.0
4380,5613,6222,2015-10-19,300.0
4381,5614,2674,2015-10-19,240.0
4382,5615,1873,2015-10-19,500.0
4383,5616,5454,2015-10-19,250.0
4384,5617,3083,2015-10-19,250.0
4385,5618,2063,2015-10-19,400.0
4386,5619,3742,2015-10-19,1000.0
4387,5620,1793,2015-10-19,400.0
4388,5621,1873,2015-10-19,500.0
4389,5622,2451,2015-10-19,400.0
4390,5623,6391,2015-10-19,1150.0
4391,5624,6391,2015-10-19,300.0
4392,5625,4149,2015-10-19,830.0
4393,5626,1961,2015-10-19,500.0
4394,5627,572,2015-10-19,450.0
4395,5628,6391,2015-10-19,40.0
4396,5629,919,2015-10-19,250.0
4397,5630,5252,2015-10-19,250.0
4398,5631,572,2015-10-19,900.0
4399,5632,3000,2015-10-19,1000.0
4400,5633,6600,2015-10-19,250.0
4401,5634,4005,2015-10-19,400.0
4402,5635,1673,2015-10-19,500.0
4403,5636,572,2015-10-19,200.0
4404,5637,4421,2015-10-19,500.0
4405,5638,3783,2015-10-19,1000.0
4406,5639,2189,2015-10-19,800.0
4407,5640,5697,2015-10-19,500.0
4408,5641,4267,2015-10-19,500.0
4409,5642,3783,2015-10-19,1200.0
4410,5643,153,2015-10-19,750.0
4411,5644,1392,2015-10-19,250.0
4412,5645,1503,2015-10-19,500.0
4413,5646,623,2015-10-19,300.0
4414,5647,5875,2015-10-19,600.0
4415,5648,6666,2015-10-19,935.11
4416,5649,2068,2015-10-19,830.0
4417,5650,1112,2015-10-19,300.0
4418,5651,1636,2015-10-19,250.0
4419,5652,4861,2015-10-19,500.0
4420,5653,2068,2015-10-19,480.0
4421,5654,5875,2015-10-19,479.06
4422,5655,1924,2015-10-19,400.0
4423,5656,6468,2015-10-19,500.0
4424,5657,6468,2015-10-19,500.0
4425,4049,2854,2015-10-19,100.0
4426,5077,3285,2015-10-19,130.0
4427,4049,5067,2015-10-19,2275.0
4428,5077,1296,2015-10-19,60.0
4429,4049,402,2015-10-19,860.0
4430,4049,5594,2015-10-19,1160.0
4431,4049,1215,2015-10-19,1730.0
4432,4049,4626,2015-10-19,1000.0
4433,5077,3273,2015-10-19,298.84
4434,4049,5005,2015-10-19,4199.0
4435,5077,3901,2015-10-19,70.0
4436,5077,103,2015-10-19,130.0
4437,5077,623,2015-10-19,300.0
4438,4049,2713,2015-10-19,946.0
4439,4049,3416,2015-10-19,970.0
4440,4049,6847,2015-10-19,4458.0
4441,4049,2073,2015-10-19,3158.53
4442,4049,4658,2015-10-19,3675.0
4443,4049,2295,2015-10-19,400.0
4444,4049,6731,2015-10-19,925.0
4445,4049,2601,2015-10-19,0.0
4446,4049,810,2015-10-19,400.0
4447,5077,2871,2015-10-19,95.0
4448,4049,3310,2015-10-19,225.0
4449,4049,5835,2015-10-19,6870.41
4450,4049,6600,2015-10-19,5930.0
4451,4049,4621,2015-10-19,400.0
4452,4049,2212,2015-10-19,80.0
4453,4049,916,2015-10-19,200.0
4454,4049,1602,2015-10-19,100.0
4455,4049,4572,2015-10-19,275.0
4456,4049,281,2015-10-19,9060.0
4457,4049,179,2015-10-19,2981.16
4458,4049,138,2015-10-19,1055.0
4459,4049,4468,2015-10-19,1229.0
4460,4049,680,2015-10-19,830.0
4461,4049,3540,2015-10-19,7220.41
4462,5716,81,2019-10-21,400.0
4463,5730,4597,2019-10-21,500.0
4464,5731,4597,2019-10-21,1100.0
4465,5732,3072,2019-10-21,500.0
4466,5746,6406,2019-10-21,250.0
4467,5747,4597,2019-10-21,500.0
4468,5774,4843,2019-10-21,500.0
4469,5794,342,2019-10-21,250.0
4470,5801,1934,2019-10-21,1000.0
4471,5805,1934,2019-10-21,0.0
4472,5893,81,2019-10-21,500.0
4473,3727,6920,2019-10-21,600.0
4474,5932,3531,2019-10-21,500.0
4475,5077,5161,2019-10-21,292.9
4476,4049,81,2019-10-21,8492.0
4477,5077,6723,2019-10-21,10.0